/* SPDX-License-Identifier: OFL-1.1-RFN
 *
 * Copyright (c) 2012, Carrois Type Design, Ralph du Carrois (post@carrois.com www.carrois.com), with Reserved Font Name 'Share'
 *
 * Generated by firmware/tools/make_menu_assets.py: the ASCII glyphs of
 * ShareTechMono-Regular.ttf (sha256 9ceab1f87414829a...) rasterized at
 * 12, 16, 20, 28 px, 4 bits per pixel. A Modified Version of the Font
 * Software, licensed under the SIL Open Font License 1.1
 * (firmware/third_party/share-tech-mono/OFL.txt), not under the firmware's
 * license, and not named with the Reserved Font Name. Do not edit. */
#include "pet_menu_assets.h"

/* The copyright notice and license travel with every copy of the firmware;
 * the menu's ABOUT page shows them. */
const char pet_menu_font_license[] =
    "Copyright (c) 2012, Carrois Type Design, Ralph du Carrois (post@carrois.com www.carrois.com), with Reserved Font Name 'Share'\n"
    "\n"
    "This Font Software is licensed under the SIL Open Font License, Version 1.1.\n"
    "This license is copied below, and is also available with a FAQ at:\n"
    "http://scripts.sil.org/OFL\n"
    "\n"
    "\n"
    "-----------------------------------------------------------\n"
    "SIL OPEN FONT LICENSE Version 1.1 - 26 February 2007\n"
    "-----------------------------------------------------------\n"
    "\n"
    "PREAMBLE\n"
    "The goals of the Open Font License (OFL) are to stimulate worldwide\n"
    "development of collaborative font projects, to support the font creation\n"
    "efforts of academic and linguistic communities, and to provide a free and\n"
    "open framework in which fonts may be shared and improved in partnership\n"
    "with others.\n"
    "\n"
    "The OFL allows the licensed fonts to be used, studied, modified and\n"
    "redistributed freely as long as they are not sold by themselves. The\n"
    "fonts, including any derivative works, can be bundled, embedded,\n"
    "redistributed and/or sold with any software provided that any reserved\n"
    "names are not used by derivative works. The fonts and derivatives,\n"
    "however, cannot be released under any other type of license. The\n"
    "requirement for fonts to remain under this license does not apply\n"
    "to any document created using the fonts or their derivatives.\n"
    "\n"
    "DEFINITIONS\n"
    "\"Font Software\" refers to the set of files released by the Copyright\n"
    "Holder(s) under this license and clearly marked as such. This may\n"
    "include source files, build scripts and documentation.\n"
    "\n"
    "\"Reserved Font Name\" refers to any names specified as such after the\n"
    "copyright statement(s).\n"
    "\n"
    "\"Original Version\" refers to the collection of Font Software components as\n"
    "distributed by the Copyright Holder(s).\n"
    "\n"
    "\"Modified Version\" refers to any derivative made by adding to, deleting,\n"
    "or substituting -- in part or in whole -- any of the components of the\n"
    "Original Version, by changing formats or by porting the Font Software to a\n"
    "new environment.\n"
    "\n"
    "\"Author\" refers to any designer, engineer, programmer, technical\n"
    "writer or other person who contributed to the Font Software.\n"
    "\n"
    "PERMISSION & CONDITIONS\n"
    "Permission is hereby granted, free of charge, to any person obtaining\n"
    "a copy of the Font Software, to use, study, copy, merge, embed, modify,\n"
    "redistribute, and sell modified and unmodified copies of the Font\n"
    "Software, subject to the following conditions:\n"
    "\n"
    "1) Neither the Font Software nor any of its individual components,\n"
    "in Original or Modified Versions, may be sold by itself.\n"
    "\n"
    "2) Original or Modified Versions of the Font Software may be bundled,\n"
    "redistributed and/or sold with any software, provided that each copy\n"
    "contains the above copyright notice and this license. These can be\n"
    "included either as stand-alone text files, human-readable headers or\n"
    "in the appropriate machine-readable metadata fields within text or\n"
    "binary files as long as those fields can be easily viewed by the user.\n"
    "\n"
    "3) No Modified Version of the Font Software may use the Reserved Font\n"
    "Name(s) unless explicit written permission is granted by the corresponding\n"
    "Copyright Holder. This restriction only applies to the primary font name as\n"
    "presented to the users.\n"
    "\n"
    "4) The name(s) of the Copyright Holder(s) or the Author(s) of the Font\n"
    "Software shall not be used to promote, endorse or advertise any\n"
    "Modified Version, except to acknowledge the contribution(s) of the\n"
    "Copyright Holder(s) and the Author(s) or with their explicit written\n"
    "permission.\n"
    "\n"
    "5) The Font Software, modified or unmodified, in part or in whole,\n"
    "must be distributed entirely under this license, and must not be\n"
    "distributed under any other license. The requirement for fonts to\n"
    "remain under this license does not apply to any document created\n"
    "using the Font Software.\n"
    "\n"
    "TERMINATION\n"
    "This license becomes null and void if any of the above conditions are\n"
    "not met.\n"
    "\n"
    "DISCLAIMER\n"
    "THE FONT SOFTWARE IS PROVIDED \"AS IS\", WITHOUT WARRANTY OF ANY KIND,\n"
    "EXPRESS OR IMPLIED, INCLUDING BUT NOT LIMITED TO ANY WARRANTIES OF\n"
    "MERCHANTABILITY, FITNESS FOR A PARTICULAR PURPOSE AND NONINFRINGEMENT\n"
    "OF COPYRIGHT, PATENT, TRADEMARK, OR OTHER RIGHT. IN NO EVENT SHALL THE\n"
    "COPYRIGHT HOLDER BE LIABLE FOR ANY CLAIM, DAMAGES OR OTHER LIABILITY,\n"
    "INCLUDING ANY GENERAL, SPECIAL, INDIRECT, INCIDENTAL, OR CONSEQUENTIAL\n"
    "DAMAGES, WHETHER IN AN ACTION OF CONTRACT, TORT OR OTHERWISE, ARISING\n"
    "FROM, OUT OF THE USE OR INABILITY TO USE THE FONT SOFTWARE OR FROM\n"
    "OTHER DEALINGS IN THE FONT SOFTWARE.\n";

static LV_ATTRIBUTE_LARGE_CONST const uint8_t pet_menu_font_12_bitmap[] = {
    0x4b, 0x4b, 0x4b, 0x4b, 0x4b, 0x4b, 0x00, 0x5b, 0x4d, 0x6b, 0x3c, 0x5a, 0x1a, 0x38, 0x03, 0xc4,
    0xa0, 0x03, 0xc4, 0xa0, 0x1e, 0xfe, 0xf7, 0x03, 0xc4, 0xa0, 0x03, 0xc4, 0xa0, 0x1e, 0xfe, 0xf7,
    0x03, 0xc4, 0xa0, 0x03, 0xc4, 0xa0, 0x02, 0x60, 0x00, 0x4b, 0x00, 0x3d, 0xee, 0x0a, 0x70, 0x00,
    0xa6, 0x00, 0x03, 0xce, 0x80, 0x00, 0x1e, 0x20, 0x00, 0xd3, 0x00, 0x1e, 0x17, 0xee, 0x80, 0x04,
    0xb0, 0x00, 0x25, 0x00, 0x4e, 0xd3, 0x00, 0x08, 0x57, 0x70, 0x00, 0x4d, 0xd3, 0x02, 0x16, 0x9a,
    0xaa, 0x92, 0x31, 0x08, 0xe8, 0x00, 0x00, 0xd1, 0xd0, 0x00, 0x0d, 0x0d, 0x00, 0x00, 0x9e, 0x80,
    0x5d, 0xe6, 0x0d, 0x40, 0x00, 0xc5, 0x00, 0x07, 0xfe, 0xed, 0xe3, 0x0f, 0x0f, 0x10, 0xf0, 0xe2,
    0x0f, 0x07, 0xee, 0xf0, 0x5c, 0x4b, 0x29, 0x06, 0x25, 0xb0, 0xb4, 0x0d, 0x20, 0xe1, 0x0e, 0x10,
    0xe1, 0x0e, 0x10, 0xe1, 0x0d, 0x20, 0x87, 0x01, 0xd2, 0x62, 0x04, 0xc0, 0x0c, 0x30, 0x96, 0x09,
    0x60, 0x97, 0x09, 0x70, 0x97, 0x09, 0x60, 0xa5, 0x1e, 0x19, 0x70, 0x00, 0x4b, 0x00, 0x0a, 0x7b,
    0x86, 0x04, 0xcf, 0x62, 0x05, 0xc6, 0xb0, 0x02, 0x30, 0x50, 0x00, 0x4b, 0x00, 0x00, 0x4b, 0x00,
    0x1e, 0xef, 0xe7, 0x00, 0x4b, 0x00, 0x00, 0x4b, 0x00, 0x2d, 0x13, 0xe0, 0x78, 0x00, 0xae, 0xee,
    0x30, 0x5b, 0x00, 0x00, 0x5a, 0x00, 0x00, 0xb4, 0x00, 0x02, 0xd0, 0x00, 0x07, 0x80, 0x00, 0x0d,
    0x20, 0x00, 0x4b, 0x00, 0x00, 0xa5, 0x00, 0x01, 0xe0, 0x00, 0x07, 0x90, 0x00, 0x0c, 0x30, 0x00,
    0x3c, 0x00, 0x00, 0x4d, 0xea, 0x0c, 0x40, 0xc4, 0xd2, 0x3f, 0x6d, 0x3c, 0xc6, 0xdb, 0x6a, 0x6d,
    0xa0, 0xa6, 0xc4, 0x0b, 0x44, 0xde, 0xa0, 0x6d, 0xe0, 0x05, 0x3e, 0x00, 0x01, 0xe0, 0x00, 0x1e,
    0x00, 0x01, 0xe0, 0x00, 0x1e, 0x00, 0x01, 0xe0, 0x09, 0xef, 0xe3, 0x7e, 0xd5, 0x00, 0x03, 0xe0,
    0x00, 0x1f, 0x00, 0x04, 0xc0, 0x01, 0xd4, 0x00, 0xa8, 0x00, 0x6c, 0x00, 0x0b, 0xee, 0xe3, 0x7e,
    0xe6, 0x00, 0x03, 0xd0, 0x00, 0x4d, 0x02, 0xef, 0x70, 0x00, 0x3e, 0x00, 0x00, 0xf0, 0x00, 0x2e,
    0x07, 0xee, 0x70, 0x0c, 0x30, 0x01, 0xe0, 0x00, 0x5a, 0x00, 0x09, 0x77, 0x80, 0xd3, 0x78, 0x0d,
    0xde, 0xe6, 0x00, 0x78, 0x00, 0x07, 0x80, 0x7e, 0xec, 0x07, 0x80, 0x00, 0x78, 0x00, 0x06, 0xed,
    0x60, 0x00, 0x3f, 0x00, 0x00, 0xf1, 0x00, 0x2f, 0x08, 0xee, 0x70, 0x4d, 0xeb, 0x0c, 0x50, 0x00,
    0xd3, 0x00, 0x0d, 0xee, 0xa1, 0xd3, 0x0b, 0x5d, 0x30, 0xa6, 0xc5, 0x0b, 0x54, 0xde, 0xa0, 0xae,
    0xef, 0x20, 0x01, 0xe1, 0x00, 0x5b, 0x00, 0x0a, 0x60, 0x00, 0xe2, 0x00, 0x4c, 0x00, 0x09, 0x70,
    0x00, 0xd3, 0x00, 0x5d, 0xeb, 0x1c, 0x40, 0xc4, 0xb5, 0x0d, 0x46, 0xfe, 0xd0, 0xd4, 0x0b, 0x5f,
    0x10, 0x97, 0xe3, 0x0a, 0x66, 0xee, 0xc1, 0x4d, 0xea, 0x0c, 0x50, 0xc4, 0xd3, 0x0a, 0x5c, 0x40,
    0xa5, 0x5d, 0xef, 0x50, 0x00, 0xa5, 0x00, 0x0c, 0x42, 0xee, 0xa0, 0x5b, 0x00, 0x00, 0x00, 0x00,
    0x5b, 0x2e, 0x10, 0x00, 0x00, 0x00, 0x00, 0x2d, 0x13, 0xe0, 0x78, 0x00, 0x00, 0x00, 0x45, 0x00,
    0x5c, 0xc4, 0x0d, 0xa3, 0x00, 0x0d, 0xb4, 0x00, 0x00, 0x5c, 0xd4, 0x00, 0x00, 0x45, 0x1e, 0xee,
    0xe7, 0x00, 0x00, 0x00, 0x1e, 0xee, 0xe7, 0x18, 0x10, 0x00, 0x09, 0xe9, 0x20, 0x00, 0x17, 0xd6,
    0x00, 0x17, 0xd6, 0x09, 0xe9, 0x20, 0x07, 0x10, 0x00, 0x7e, 0xd6, 0x00, 0x3d, 0x00, 0x2d, 0x00,
    0xb8, 0x08, 0xa0, 0x07, 0x50, 0x00, 0x00, 0x09, 0x70, 0x4d, 0xee, 0xea, 0x09, 0x4a, 0xe8, 0xc1,
    0xa5, 0xb4, 0x8b, 0x2a, 0x5a, 0x48, 0xb2, 0xa5, 0xa5, 0x8b, 0x2a, 0x3c, 0xe9, 0xb2, 0xa4, 0x00,
    0xbc, 0x04, 0xee, 0xe3, 0x00, 0x00, 0x9f, 0x10, 0x00, 0xca, 0x50, 0x01, 0xc6, 0x90, 0x05, 0x92,
    0xc0, 0x09, 0x60, 0xe1, 0x0c, 0xee, 0xf5, 0x1e, 0x00, 0x78, 0x5b, 0x00, 0x4c, 0xfe, 0xeb, 0x1f,
    0x10, 0xc5, 0xf1, 0x0c, 0x4f, 0xee, 0xe0, 0xf1, 0x0b, 0x5f, 0x10, 0x97, 0xf1, 0x0b, 0x6f, 0xee,
    0xc1, 0x3c, 0xee, 0x29, 0x70, 0x00, 0xa5, 0x00, 0x0a, 0x50, 0x00, 0xa5, 0x00, 0x0a, 0x50, 0x00,
    0x97, 0x00, 0x03, 0xce, 0xe2, 0x0f, 0xee, 0xc1, 0x0f, 0x00, 0xa7, 0x0f, 0x00, 0x88, 0x0f, 0x00,
    0x88, 0x0f, 0x00, 0x88, 0x0f, 0x00, 0x88, 0x0f, 0x00, 0xa7, 0x0f, 0xee, 0xc2, 0xce, 0xee, 0x3c,
    0x40, 0x00, 0xc4, 0x00, 0x0c, 0xee, 0xd0, 0xc4, 0x00, 0x0c, 0x40, 0x00, 0xc4, 0x00, 0x0c, 0xee,
    0xe3, 0xbe, 0xee, 0x4b, 0x50, 0x00, 0xb5, 0x00, 0x0b, 0xee, 0xd0, 0xb5, 0x00, 0x0b, 0x50, 0x00,
    0xb5, 0x00, 0x0b, 0x50, 0x00, 0x4d, 0xed, 0x0c, 0x50, 0x00, 0xd3, 0x00, 0x0d, 0x30, 0x00, 0xd3,
    0xae, 0x5d, 0x30, 0xa5, 0xc5, 0x0a, 0x54, 0xde, 0xf5, 0x1f, 0x00, 0x88, 0x1f, 0x00, 0x88, 0x1f,
    0x00, 0x88, 0x1f, 0xee, 0xe8, 0x1f, 0x00, 0x88, 0x1f, 0x00, 0x88, 0x1f, 0x00, 0x88, 0x1f, 0x00,
    0x88, 0x5e, 0xfb, 0x04, 0xb0, 0x04, 0xb0, 0x04, 0xb0, 0x04, 0xb0, 0x04, 0xb0, 0x04, 0xb0, 0x5e,
    0xfb, 0x1e, 0xee, 0x00, 0x2e, 0x00, 0x2e, 0x00, 0x2e, 0x00, 0x2e, 0x00, 0x2e, 0x00, 0x4d, 0x7e,
    0xd5, 0x0f, 0x01, 0xe2, 0x0f, 0x0a, 0x70, 0x0f, 0x5c, 0x00, 0x0f, 0xe4, 0x00, 0x0f, 0xc9, 0x00,
    0x0f, 0x1e, 0x30, 0x0f, 0x07, 0xb0, 0x0f, 0x00, 0xd4, 0x96, 0x00, 0x09, 0x60, 0x00, 0x96, 0x00,
    0x09, 0x60, 0x00, 0x96, 0x00, 0x09, 0x60, 0x00, 0x96, 0x00, 0x09, 0xee, 0xe1, 0x5f, 0x60, 0xdd,
    0x5d, 0xa2, 0xdd, 0x59, 0xd5, 0x8d, 0x58, 0xbb, 0x4d, 0x58, 0x8e, 0x1d, 0x58, 0x14, 0x1d, 0x58,
    0x00, 0x1d, 0x58, 0x00, 0x1d, 0x1f, 0xc0, 0x78, 0x1e, 0xe1, 0x78, 0x1e, 0xa5, 0x78, 0x1e, 0x69,
    0x78, 0x1e, 0x2d, 0x78, 0x1e, 0x0d, 0x88, 0x1e, 0x09, 0xc8, 0x1e, 0x05, 0xf8, 0x08, 0xee, 0xc2,
    0x1e, 0x10, 0x88, 0x2d, 0x00, 0x6a, 0x2d, 0x00, 0x6a, 0x2d, 0x00, 0x6a, 0x2d, 0x00, 0x6a, 0x1e,
    0x10, 0x88, 0x08, 0xee, 0xc2, 0xee, 0xdb, 0x1e, 0x20, 0xb5, 0xe2, 0x09, 0x6e, 0x20, 0xb5, 0xee,
    0xda, 0x1e, 0x20, 0x00, 0xe2, 0x00, 0x0e, 0x20, 0x00, 0x08, 0xee, 0xc2, 0x01, 0xe1, 0x08, 0x80,
    0x2d, 0x00, 0x6a, 0x02, 0xd0, 0x06, 0xa0, 0x2d, 0x00, 0x6a, 0x02, 0xd0, 0x06, 0xa0, 0x1e, 0x10,
    0x88, 0x00, 0x8e, 0xed, 0xb0, 0x00, 0x00, 0x07, 0x00, 0x2f, 0xed, 0x80, 0x2d, 0x00, 0xe1, 0x2d,
    0x00, 0xd2, 0x2d, 0x01, 0xe1, 0x2f, 0xef, 0x80, 0x2d, 0x0a, 0x70, 0x2d, 0x02, 0xe1, 0x2d, 0x00,
    0xa7, 0x4d, 0xee, 0x1b, 0x50, 0x00, 0xb6, 0x00, 0x04, 0xde, 0x90, 0x00, 0x1d, 0x30, 0x00, 0xc4,
    0x00, 0x1d, 0x28, 0xee, 0x80, 0x3e, 0xef, 0xe9, 0x00, 0x4b, 0x00, 0x00, 0x4b, 0x00, 0x00, 0x4b,
    0x00, 0x00, 0x4b, 0x00, 0x00, 0x4b, 0x00, 0x00, 0x4b, 0x00, 0x00, 0x4b, 0x00, 0x1f, 0x00, 0x88,
    0x1f, 0x00, 0x88, 0x1f, 0x00, 0x88, 0x1f, 0x00, 0x88, 0x1f, 0x00, 0x88, 0x1f, 0x00, 0x88, 0x0f,
    0x20, 0x97, 0x06, 0xee, 0xb1, 0x3d, 0x00, 0x69, 0x0e, 0x10, 0x96, 0x0c, 0x40, 0xd2, 0x08, 0x71,
    0xe0, 0x05, 0xa4, 0xa0, 0x02, 0xd7, 0x70, 0x00, 0xdc, 0x30, 0x00, 0xae, 0x00, 0x68, 0x00, 0x1c,
    0x59, 0x00, 0x1b, 0x49, 0x00, 0x2a, 0x3a, 0x26, 0x39, 0x2b, 0x7d, 0x49, 0x2c, 0xaa, 0x78, 0x1d,
    0xb6, 0xc7, 0x0f, 0x93, 0xf6, 0x1e, 0x30, 0x97, 0x07, 0xa2, 0xe1, 0x01, 0xeb, 0x70, 0x00, 0x8e,
    0x10, 0x00, 0x9f, 0x20, 0x02, 0xe9, 0x90, 0x09, 0x81, 0xe2, 0x2e, 0x10, 0x89, 0x3d, 0x00, 0x6a,
    0x0b, 0x60, 0xd3, 0x04, 0xd5, 0xa0, 0x00, 0xbe, 0x30, 0x00, 0x5c, 0x00, 0x00, 0x5b, 0x00, 0x00,
    0x5b, 0x00, 0x00, 0x5b, 0x00, 0x9e, 0xef, 0x60, 0x01, 0xe3, 0x00, 0x8a, 0x00, 0x2e, 0x20, 0x09,
    0x80, 0x03, 0xe1, 0x00, 0xb7, 0x00, 0x0e, 0xee, 0xe4, 0x0e, 0xe7, 0x0e, 0x00, 0x0e, 0x00, 0x0e,
    0x00, 0x0e, 0x00, 0x0e, 0x00, 0x0e, 0x00, 0x0e, 0x00, 0x0e, 0x00, 0x0e, 0x00, 0x0e, 0xe7, 0x3c,
    0x00, 0x00, 0x0c, 0x30, 0x00, 0x07, 0x90, 0x00, 0x01, 0xe0, 0x00, 0x00, 0xa5, 0x00, 0x00, 0x4b,
    0x00, 0x00, 0x0d, 0x20, 0x00, 0x07, 0x80, 0x00, 0x02, 0xd0, 0x00, 0x00, 0xb4, 0x00, 0x00, 0x5a,
    0x0e, 0xe7, 0x00, 0x78, 0x00, 0x78, 0x00, 0x78, 0x00, 0x78, 0x00, 0x78, 0x00, 0x78, 0x00, 0x78,
    0x00, 0x78, 0x00, 0x78, 0x0e, 0xe7, 0x00, 0xaf, 0x20, 0x01, 0xe7, 0x90, 0x08, 0x81, 0xe1, 0x0d,
    0x20, 0xa6, 0xbe, 0xee, 0xee, 0x40, 0x89, 0x00, 0x62, 0x0a, 0xee, 0x70, 0x00, 0x01, 0xe0, 0x09,
    0xee, 0xf1, 0x2e, 0x10, 0xe1, 0x3d, 0x00, 0xf1, 0x0b, 0xee, 0xd9, 0xe1, 0x00, 0x0e, 0x10, 0x00,
    0xed, 0xeb, 0x1e, 0x20, 0xa6, 0xe1, 0x09, 0x7e, 0x10, 0x97, 0xe1, 0x0a, 0x6e, 0xee, 0xb1, 0x2c,
    0xee, 0x08, 0x80, 0x00, 0x87, 0x00, 0x08, 0x70, 0x00, 0x88, 0x00, 0x02, 0xce, 0xe0, 0x00, 0x08,
    0x70, 0x00, 0x87, 0x6e, 0xee, 0x7e, 0x20, 0x87, 0xf0, 0x08, 0x7f, 0x00, 0x87, 0xe2, 0x0a, 0x77,
    0xee, 0xe7, 0x6d, 0xec, 0x1c, 0x30, 0xb5, 0xde, 0xee, 0x5d, 0x20, 0x00, 0xc4, 0x00, 0x05, 0xde,
    0xd0, 0x08, 0xee, 0x40, 0xc4, 0x00, 0xbf, 0xee, 0x20, 0xc4, 0x00, 0x0c, 0x40, 0x00, 0xc4, 0x00,
    0x0c, 0x40, 0x0b, 0xfe, 0x90, 0x09, 0xee, 0xe6, 0x1e, 0x10, 0x96, 0x1e, 0x10, 0xb5, 0x09, 0xfe,
    0xb1, 0x05, 0xa0, 0x00, 0x05, 0xee, 0xc3, 0x00, 0x00, 0x89, 0x0c, 0xee, 0xd4, 0xe1, 0x00, 0x0e,
    0x10, 0x00, 0xed, 0xec, 0x1e, 0x20, 0xa6, 0xe1, 0x09, 0x7e, 0x10, 0x97, 0xe1, 0x09, 0x7e, 0x10,
    0x97, 0x00, 0x5b, 0x00, 0x00, 0x00, 0x00, 0x1e, 0xeb, 0x00, 0x00, 0x4b, 0x00, 0x00, 0x4b, 0x00,
    0x00, 0x4b, 0x00, 0x00, 0x4b, 0x00, 0x00, 0x4f, 0xe7, 0x00, 0x4b, 0x00, 0x00, 0x0e, 0xec, 0x00,
    0x4c, 0x00, 0x4c, 0x00, 0x4c, 0x00, 0x4c, 0x00, 0x4c, 0x00, 0x4c, 0x5e, 0xe7, 0xd3, 0x00, 0x0d,
    0x30, 0x00, 0xd3, 0x6c, 0x1d, 0x7d, 0x20, 0xdf, 0x70, 0x0d, 0x8e, 0x10, 0xd3, 0xa9, 0x0d, 0x32,
    0xe3, 0x2e, 0xe9, 0x00, 0x00, 0x69, 0x00, 0x00, 0x69, 0x00, 0x00, 0x69, 0x00, 0x00, 0x69, 0x00,
    0x00, 0x69, 0x00, 0x00, 0x6a, 0x00, 0x00, 0x3e, 0xe9, 0x7e, 0xea, 0xe9, 0x78, 0x4c, 0x1e, 0x77,
    0x4b, 0x0f, 0x77, 0x4b, 0x0f, 0x77, 0x4b, 0x0f, 0x77, 0x4b, 0x0f, 0xed, 0xec, 0x1e, 0x20, 0xa6,
    0xe1, 0x09, 0x7e, 0x10, 0x97, 0xe1, 0x09, 0x7e, 0x10, 0x97, 0x7e, 0xec, 0x1e, 0x20, 0xa6, 0xf0,
    0x08, 0x7f, 0x00, 0x87, 0xe2, 0x0a, 0x67, 0xee, 0xc1, 0xed, 0xeb, 0x1e, 0x20, 0xa6, 0xe1, 0x09,
    0x7e, 0x10, 0x97, 0xe1, 0x0a, 0x6e, 0xee, 0xb1, 0xe1, 0x00, 0x0e, 0x10, 0x00, 0x6e, 0xee, 0x7e,
    0x20, 0x87, 0xf0, 0x08, 0x7f, 0x00, 0x87, 0xe2, 0x0a, 0x77, 0xee, 0xe7, 0x00, 0x08, 0x70, 0x00,
    0x87, 0xbf, 0xde, 0x30, 0xe3, 0x00, 0x0e, 0x10, 0x00, 0xe1, 0x00, 0x0e, 0x10, 0x0b, 0xfe, 0x60,
    0x4d, 0xeb, 0x08, 0x80, 0x00, 0x4d, 0xd8, 0x00, 0x01, 0xf0, 0x00, 0x1f, 0x07, 0xee, 0x90, 0x04,
    0x30, 0x00, 0x97, 0x00, 0xae, 0xee, 0x30, 0x97, 0x00, 0x09, 0x70, 0x00, 0x97, 0x00, 0x08, 0x70,
    0x00, 0x4e, 0xe3, 0xd2, 0x0a, 0x5d, 0x20, 0xa5, 0xd2, 0x0a, 0x5d, 0x20, 0xa5, 0xd4, 0x0b, 0x56,
    0xee, 0xe5, 0x1f, 0x10, 0x79, 0x0c, 0x40, 0xb4, 0x08, 0x81, 0xe0, 0x03, 0xc4, 0xb0, 0x00, 0xea,
    0x60, 0x00, 0x9f, 0x20, 0x78, 0x00, 0x0e, 0x05, 0xa2, 0xb2, 0xc0, 0x2c, 0x6e, 0x49, 0x00, 0xd9,
    0xc9, 0x60, 0x0c, 0xc7, 0xe4, 0x00, 0x9b, 0x4f, 0x10, 0x0c, 0x60, 0xd3, 0x03, 0xd8, 0x90, 0x00,
    0x9e, 0x10, 0x00, 0xbe, 0x30, 0x05, 0xc5, 0xc0, 0x1d, 0x30, 0xc6, 0x1e, 0x10, 0x79, 0x0b, 0x50,
    0xb4, 0x06, 0x90, 0xe1, 0x02, 0xd4, 0xb0, 0x00, 0xbb, 0x70, 0x00, 0x6f, 0x30, 0x00, 0x3d, 0x00,
    0x05, 0xe6, 0x00, 0x7e, 0xef, 0x30, 0x05, 0xd1, 0x01, 0xe4, 0x00, 0xa8, 0x00, 0x6c, 0x00, 0x0b,
    0xee, 0xe1, 0x02, 0xda, 0x06, 0x90, 0x06, 0x80, 0x06, 0x80, 0x07, 0x70, 0x3e, 0x20, 0x07, 0x70,
    0x06, 0x80, 0x06, 0x80, 0x06, 0x90, 0x02, 0xda, 0x4b, 0x4b, 0x4b, 0x4b, 0x4b, 0x4b, 0x4b, 0x4b,
    0x4b, 0x4b, 0x4b, 0x3e, 0x80, 0x02, 0xd0, 0x01, 0xd0, 0x01, 0xd0, 0x00, 0xd0, 0x00, 0x9a, 0x00,
    0xd0, 0x01, 0xd0, 0x01, 0xd0, 0x02, 0xd0, 0x3e, 0x80, 0x6d, 0x64, 0x36, 0x19, 0xb1,
};
static const lv_font_fmt_txt_glyph_dsc_t pet_menu_font_12_glyphs[] = {
    {.bitmap_index = 0, .adv_w = 0, .box_w = 0, .box_h = 0, .ofs_x = 0, .ofs_y = 0},
    {.bitmap_index = 0, .adv_w = 96, .box_w = 0, .box_h = 0, .ofs_x = 0, .ofs_y = 0}, /* ' ' */
    {.bitmap_index = 0, .adv_w = 96, .box_w = 2, .box_h = 8, .ofs_x = 2, .ofs_y = 0}, /* '!' */
    {.bitmap_index = 8, .adv_w = 96, .box_w = 4, .box_h = 3, .ofs_x = 1, .ofs_y = 5}, /* '"' */
    {.bitmap_index = 14, .adv_w = 96, .box_w = 6, .box_h = 8, .ofs_x = 0, .ofs_y = 0}, /* '#' */
    {.bitmap_index = 38, .adv_w = 96, .box_w = 5, .box_h = 12, .ofs_x = 1, .ofs_y = -2}, /* '$' */
    {.bitmap_index = 68, .adv_w = 96, .box_w = 7, .box_h = 8, .ofs_x = 0, .ofs_y = 0}, /* '%' */
    {.bitmap_index = 96, .adv_w = 96, .box_w = 5, .box_h = 8, .ofs_x = 1, .ofs_y = 0}, /* '&' */
    {.bitmap_index = 116, .adv_w = 96, .box_w = 2, .box_h = 3, .ofs_x = 2, .ofs_y = 5}, /* "'" */
    {.bitmap_index = 119, .adv_w = 96, .box_w = 3, .box_h = 12, .ofs_x = 2, .ofs_y = -1}, /* '(' */
    {.bitmap_index = 137, .adv_w = 96, .box_w = 3, .box_h = 12, .ofs_x = 2, .ofs_y = -1}, /* ')' */
    {.bitmap_index = 155, .adv_w = 96, .box_w = 6, .box_h = 5, .ofs_x = 0, .ofs_y = 3}, /* '*' */
    {.bitmap_index = 170, .adv_w = 96, .box_w = 6, .box_h = 5, .ofs_x = 0, .ofs_y = 1}, /* '+' */
    {.bitmap_index = 185, .adv_w = 96, .box_w = 3, .box_h = 3, .ofs_x = 2, .ofs_y = -2}, /* ',' */
    {.bitmap_index = 190, .adv_w = 96, .box_w = 5, .box_h = 1, .ofs_x = 1, .ofs_y = 3}, /* '-' */
    {.bitmap_index = 193, .adv_w = 96, .box_w = 2, .box_h = 1, .ofs_x = 2, .ofs_y = 0}, /* '.' */
    {.bitmap_index = 194, .adv_w = 96, .box_w = 6, .box_h = 11, .ofs_x = 0, .ofs_y = -1}, /* '/' */
    {.bitmap_index = 227, .adv_w = 96, .box_w = 5, .box_h = 8, .ofs_x = 1, .ofs_y = 0}, /* '0' */
    {.bitmap_index = 247, .adv_w = 96, .box_w = 5, .box_h = 8, .ofs_x = 1, .ofs_y = 0}, /* '1' */
    {.bitmap_index = 267, .adv_w = 96, .box_w = 5, .box_h = 8, .ofs_x = 1, .ofs_y = 0}, /* '2' */
    {.bitmap_index = 287, .adv_w = 96, .box_w = 5, .box_h = 8, .ofs_x = 1, .ofs_y = 0}, /* '3' */
    {.bitmap_index = 307, .adv_w = 96, .box_w = 5, .box_h = 8, .ofs_x = 1, .ofs_y = 0}, /* '4' */
    {.bitmap_index = 327, .adv_w = 96, .box_w = 5, .box_h = 8, .ofs_x = 1, .ofs_y = 0}, /* '5' */
    {.bitmap_index = 347, .adv_w = 96, .box_w = 5, .box_h = 8, .ofs_x = 1, .ofs_y = 0}, /* '6' */
    {.bitmap_index = 367, .adv_w = 96, .box_w = 5, .box_h = 8, .ofs_x = 1, .ofs_y = 0}, /* '7' */
    {.bitmap_index = 387, .adv_w = 96, .box_w = 5, .box_h = 8, .ofs_x = 1, .ofs_y = 0}, /* '8' */
    {.bitmap_index = 407, .adv_w = 96, .box_w = 5, .box_h = 8, .ofs_x = 1, .ofs_y = 0}, /* '9' */
    {.bitmap_index = 427, .adv_w = 96, .box_w = 2, .box_h = 6, .ofs_x = 2, .ofs_y = 0}, /* ':' */
    {.bitmap_index = 433, .adv_w = 96, .box_w = 3, .box_h = 7, .ofs_x = 2, .ofs_y = -1}, /* ';' */
    {.bitmap_index = 444, .adv_w = 96, .box_w = 6, .box_h = 6, .ofs_x = 0, .ofs_y = 1}, /* '<' */
    {.bitmap_index = 462, .adv_w = 96, .box_w = 6, .box_h = 3, .ofs_x = 0, .ofs_y = 2}, /* '=' */
    {.bitmap_index = 471, .adv_w = 96, .box_w = 6, .box_h = 6, .ofs_x = 0, .ofs_y = 1}, /* '>' */
    {.bitmap_index = 489, .adv_w = 96, .box_w = 4, .box_h = 8, .ofs_x = 1, .ofs_y = 0}, /* '?' */
    {.bitmap_index = 505, .adv_w = 96, .box_w = 7, .box_h = 8, .ofs_x = 0, .ofs_y = 0}, /* '@' */
    {.bitmap_index = 533, .adv_w = 96, .box_w = 6, .box_h = 8, .ofs_x = 0, .ofs_y = 0}, /* 'A' */
    {.bitmap_index = 557, .adv_w = 96, .box_w = 5, .box_h = 8, .ofs_x = 1, .ofs_y = 0}, /* 'B' */
    {.bitmap_index = 577, .adv_w = 96, .box_w = 5, .box_h = 8, .ofs_x = 1, .ofs_y = 0}, /* 'C' */
    {.bitmap_index = 597, .adv_w = 96, .box_w = 6, .box_h = 8, .ofs_x = 0, .ofs_y = 0}, /* 'D' */
    {.bitmap_index = 621, .adv_w = 96, .box_w = 5, .box_h = 8, .ofs_x = 1, .ofs_y = 0}, /* 'E' */
    {.bitmap_index = 641, .adv_w = 96, .box_w = 5, .box_h = 8, .ofs_x = 1, .ofs_y = 0}, /* 'F' */
    {.bitmap_index = 661, .adv_w = 96, .box_w = 5, .box_h = 8, .ofs_x = 1, .ofs_y = 0}, /* 'G' */
    {.bitmap_index = 681, .adv_w = 96, .box_w = 6, .box_h = 8, .ofs_x = 0, .ofs_y = 0}, /* 'H' */
    {.bitmap_index = 705, .adv_w = 96, .box_w = 4, .box_h = 8, .ofs_x = 1, .ofs_y = 0}, /* 'I' */
    {.bitmap_index = 721, .adv_w = 96, .box_w = 4, .box_h = 8, .ofs_x = 1, .ofs_y = 0}, /* 'J' */
    {.bitmap_index = 737, .adv_w = 96, .box_w = 6, .box_h = 8, .ofs_x = 0, .ofs_y = 0}, /* 'K' */
    {.bitmap_index = 761, .adv_w = 96, .box_w = 5, .box_h = 8, .ofs_x = 1, .ofs_y = 0}, /* 'L' */
    {.bitmap_index = 781, .adv_w = 96, .box_w = 6, .box_h = 8, .ofs_x = 0, .ofs_y = 0}, /* 'M' */
    {.bitmap_index = 805, .adv_w = 96, .box_w = 6, .box_h = 8, .ofs_x = 0, .ofs_y = 0}, /* 'N' */
    {.bitmap_index = 829, .adv_w = 96, .box_w = 6, .box_h = 8, .ofs_x = 0, .ofs_y = 0}, /* 'O' */
    {.bitmap_index = 853, .adv_w = 96, .box_w = 5, .box_h = 8, .ofs_x = 1, .ofs_y = 0}, /* 'P' */
    {.bitmap_index = 873, .adv_w = 96, .box_w = 7, .box_h = 9, .ofs_x = 0, .ofs_y = -1}, /* 'Q' */
    {.bitmap_index = 905, .adv_w = 96, .box_w = 6, .box_h = 8, .ofs_x = 0, .ofs_y = 0}, /* 'R' */
    {.bitmap_index = 929, .adv_w = 96, .box_w = 5, .box_h = 8, .ofs_x = 1, .ofs_y = 0}, /* 'S' */
    {.bitmap_index = 949, .adv_w = 96, .box_w = 6, .box_h = 8, .ofs_x = 0, .ofs_y = 0}, /* 'T' */
    {.bitmap_index = 973, .adv_w = 96, .box_w = 6, .box_h = 8, .ofs_x = 0, .ofs_y = 0}, /* 'U' */
    {.bitmap_index = 997, .adv_w = 96, .box_w = 6, .box_h = 8, .ofs_x = 0, .ofs_y = 0}, /* 'V' */
    {.bitmap_index = 1021, .adv_w = 96, .box_w = 6, .box_h = 8, .ofs_x = 0, .ofs_y = 0}, /* 'W' */
    {.bitmap_index = 1045, .adv_w = 96, .box_w = 6, .box_h = 8, .ofs_x = 0, .ofs_y = 0}, /* 'X' */
    {.bitmap_index = 1069, .adv_w = 96, .box_w = 6, .box_h = 8, .ofs_x = 0, .ofs_y = 0}, /* 'Y' */
    {.bitmap_index = 1093, .adv_w = 96, .box_w = 5, .box_h = 8, .ofs_x = 1, .ofs_y = 0}, /* 'Z' */
    {.bitmap_index = 1113, .adv_w = 96, .box_w = 4, .box_h = 11, .ofs_x = 1, .ofs_y = -1}, /* '[' */
    {.bitmap_index = 1135, .adv_w = 96, .box_w = 6, .box_h = 11, .ofs_x = 0, .ofs_y = -1}, /* '\\' */
    {.bitmap_index = 1168, .adv_w = 96, .box_w = 4, .box_h = 11, .ofs_x = 1, .ofs_y = -1}, /* ']' */
    {.bitmap_index = 1190, .adv_w = 96, .box_w = 6, .box_h = 4, .ofs_x = 0, .ofs_y = 5}, /* '^' */
    {.bitmap_index = 1202, .adv_w = 96, .box_w = 7, .box_h = 1, .ofs_x = 0, .ofs_y = -2}, /* '_' */
    {.bitmap_index = 1206, .adv_w = 96, .box_w = 3, .box_h = 2, .ofs_x = 2, .ofs_y = 6}, /* '`' */
    {.bitmap_index = 1209, .adv_w = 96, .box_w = 6, .box_h = 6, .ofs_x = 0, .ofs_y = 0}, /* 'a' */
    {.bitmap_index = 1227, .adv_w = 96, .box_w = 5, .box_h = 8, .ofs_x = 1, .ofs_y = 0}, /* 'b' */
    {.bitmap_index = 1247, .adv_w = 96, .box_w = 5, .box_h = 6, .ofs_x = 1, .ofs_y = 0}, /* 'c' */
    {.bitmap_index = 1262, .adv_w = 96, .box_w = 5, .box_h = 8, .ofs_x = 1, .ofs_y = 0}, /* 'd' */
    {.bitmap_index = 1282, .adv_w = 96, .box_w = 5, .box_h = 6, .ofs_x = 1, .ofs_y = 0}, /* 'e' */
    {.bitmap_index = 1297, .adv_w = 96, .box_w = 5, .box_h = 8, .ofs_x = 1, .ofs_y = 0}, /* 'f' */
    {.bitmap_index = 1317, .adv_w = 96, .box_w = 6, .box_h = 8, .ofs_x = 0, .ofs_y = -2}, /* 'g' */
    {.bitmap_index = 1341, .adv_w = 96, .box_w = 5, .box_h = 8, .ofs_x = 1, .ofs_y = 0}, /* 'h' */
    {.bitmap_index = 1361, .adv_w = 96, .box_w = 6, .box_h = 8, .ofs_x = 0, .ofs_y = 0}, /* 'i' */
    {.bitmap_index = 1385, .adv_w = 96, .box_w = 4, .box_h = 10, .ofs_x = 1, .ofs_y = -2}, /* 'j' */
    {.bitmap_index = 1405, .adv_w = 96, .box_w = 5, .box_h = 8, .ofs_x = 1, .ofs_y = 0}, /* 'k' */
    {.bitmap_index = 1425, .adv_w = 96, .box_w = 6, .box_h = 8, .ofs_x = 0, .ofs_y = 0}, /* 'l' */
    {.bitmap_index = 1449, .adv_w = 96, .box_w = 6, .box_h = 6, .ofs_x = 0, .ofs_y = 0}, /* 'm' */
    {.bitmap_index = 1467, .adv_w = 96, .box_w = 5, .box_h = 6, .ofs_x = 1, .ofs_y = 0}, /* 'n' */
    {.bitmap_index = 1482, .adv_w = 96, .box_w = 5, .box_h = 6, .ofs_x = 1, .ofs_y = 0}, /* 'o' */
    {.bitmap_index = 1497, .adv_w = 96, .box_w = 5, .box_h = 8, .ofs_x = 1, .ofs_y = -2}, /* 'p' */
    {.bitmap_index = 1517, .adv_w = 96, .box_w = 5, .box_h = 8, .ofs_x = 1, .ofs_y = -2}, /* 'q' */
    {.bitmap_index = 1537, .adv_w = 96, .box_w = 5, .box_h = 6, .ofs_x = 1, .ofs_y = 0}, /* 'r' */
    {.bitmap_index = 1552, .adv_w = 96, .box_w = 5, .box_h = 6, .ofs_x = 1, .ofs_y = 0}, /* 's' */
    {.bitmap_index = 1567, .adv_w = 96, .box_w = 5, .box_h = 8, .ofs_x = 1, .ofs_y = 0}, /* 't' */
    {.bitmap_index = 1587, .adv_w = 96, .box_w = 5, .box_h = 6, .ofs_x = 1, .ofs_y = 0}, /* 'u' */
    {.bitmap_index = 1602, .adv_w = 96, .box_w = 6, .box_h = 6, .ofs_x = 0, .ofs_y = 0}, /* 'v' */
    {.bitmap_index = 1620, .adv_w = 96, .box_w = 7, .box_h = 6, .ofs_x = 0, .ofs_y = 0}, /* 'w' */
    {.bitmap_index = 1641, .adv_w = 96, .box_w = 6, .box_h = 6, .ofs_x = 0, .ofs_y = 0}, /* 'x' */
    {.bitmap_index = 1659, .adv_w = 96, .box_w = 6, .box_h = 8, .ofs_x = 0, .ofs_y = -2}, /* 'y' */
    {.bitmap_index = 1683, .adv_w = 96, .box_w = 5, .box_h = 6, .ofs_x = 1, .ofs_y = 0}, /* 'z' */
    {.bitmap_index = 1698, .adv_w = 96, .box_w = 4, .box_h = 11, .ofs_x = 1, .ofs_y = -1}, /* '{' */
    {.bitmap_index = 1720, .adv_w = 96, .box_w = 2, .box_h = 11, .ofs_x = 2, .ofs_y = -1}, /* '|' */
    {.bitmap_index = 1731, .adv_w = 96, .box_w = 4, .box_h = 11, .ofs_x = 1, .ofs_y = -1}, /* '}' */
    {.bitmap_index = 1753, .adv_w = 96, .box_w = 5, .box_h = 2, .ofs_x = 1, .ofs_y = 3}, /* '~' */
};
static const lv_font_fmt_txt_cmap_t pet_menu_font_12_cmaps[] = {
    {.range_start = 32, .range_length = 95, .glyph_id_start = 1,
     .unicode_list = NULL, .glyph_id_ofs_list = NULL, .list_length = 0,
     .type = LV_FONT_FMT_TXT_CMAP_FORMAT0_TINY},
};
static const lv_font_fmt_txt_dsc_t pet_menu_font_12_dsc = {
    .glyph_bitmap = pet_menu_font_12_bitmap, .glyph_dsc = pet_menu_font_12_glyphs, .cmaps = pet_menu_font_12_cmaps,
    .kern_dsc = NULL, .kern_scale = 0, .cmap_num = 1, .bpp = 4, .kern_classes = 0, .bitmap_format = 0,
};
const lv_font_t pet_menu_font_12 = {
    .get_glyph_dsc = lv_font_get_glyph_dsc_fmt_txt,
    .get_glyph_bitmap = lv_font_get_bitmap_fmt_txt,
    .line_height = 14,
    .base_line = 3,
    .subpx = LV_FONT_SUBPX_NONE,
    .underline_position = -2,
    .underline_thickness = 1,
    .dsc = &pet_menu_font_12_dsc,
};

static LV_ATTRIBUTE_LARGE_CONST const uint8_t pet_menu_font_16_bitmap[] = {
    0x6f, 0x06, 0xf0, 0x6f, 0x06, 0xf0, 0x6f, 0x06, 0xf0, 0x6f, 0x06, 0xf0, 0x00, 0x01, 0x30, 0x7f,
    0x20, 0xad, 0x3f, 0x5a, 0xc3, 0xf4, 0x8b, 0x1f, 0x36, 0x90, 0xe1, 0x09, 0xa1, 0xf4, 0x00, 0x9a,
    0x1f, 0x40, 0x09, 0xa1, 0xf4, 0x0b, 0xff, 0xff, 0xf5, 0x2a, 0xb3, 0xf6, 0x10, 0x9a, 0x1f, 0x40,
    0x09, 0xa1, 0xf4, 0x0b, 0xff, 0xff, 0xf5, 0x2a, 0xb3, 0xf6, 0x10, 0x9a, 0x1f, 0x40, 0x09, 0xa1,
    0xf4, 0x00, 0x00, 0x37, 0x00, 0x00, 0x6f, 0x00, 0x05, 0xdf, 0xfa, 0x1f, 0x93, 0x32, 0x4f, 0x20,
    0x00, 0x4f, 0x10, 0x00, 0x2f, 0x60, 0x00, 0x07, 0xff, 0xc3, 0x00, 0x13, 0xcb, 0x00, 0x00, 0x7e,
    0x00, 0x00, 0x7e, 0x03, 0x34, 0xda, 0x1f, 0xff, 0xb2, 0x00, 0x6f, 0x00, 0x00, 0x37, 0x00, 0x1b,
    0xfc, 0x20, 0x00, 0x05, 0xd4, 0xb9, 0x00, 0x00, 0x6c, 0x19, 0x90, 0x00, 0x02, 0xef, 0xe4, 0x00,
    0x00, 0x01, 0x55, 0x79, 0xbe, 0x7a, 0xfe, 0xc9, 0x75, 0x30, 0x31, 0x00, 0x6e, 0xe5, 0x00, 0x00,
    0x0e, 0x67, 0xd0, 0x00, 0x01, 0xf1, 0x2f, 0x00, 0x00, 0x0e, 0x77, 0xd0, 0x00, 0x00, 0x6e, 0xe5,
    0x00, 0x09, 0xef, 0xe0, 0x05, 0xf5, 0x33, 0x00, 0x7d, 0x00, 0x00, 0x05, 0xf3, 0x00, 0x00, 0x0d,
    0xff, 0xff, 0xe7, 0xe4, 0x3a, 0xb3, 0xab, 0x00, 0x9a, 0x0a, 0xb0, 0x09, 0xa0, 0xab, 0x00, 0x9a,
    0x07, 0xe4, 0x3b, 0xa0, 0x1a, 0xef, 0xfa, 0x00, 0x7f, 0x17, 0xf1, 0x5e, 0x03, 0xc0, 0x01, 0xd8,
    0x08, 0xc0, 0x0e, 0x60, 0x2f, 0x30, 0x4f, 0x10, 0x4f, 0x10, 0x4f, 0x10, 0x4f, 0x10, 0x4f, 0x10,
    0x4f, 0x10, 0x4f, 0x10, 0x2f, 0x30, 0x0e, 0x60, 0x08, 0xc0, 0x01, 0xd8, 0x1d, 0x80, 0x03, 0xf3,
    0x00, 0xc8, 0x00, 0x8c, 0x00, 0x7d, 0x00, 0x7e, 0x00, 0x7e, 0x00, 0x7e, 0x00, 0x7e, 0x00, 0x7e,
    0x00, 0x7d, 0x00, 0x8c, 0x00, 0xc9, 0x03, 0xf3, 0x1d, 0x80, 0x00, 0x5f, 0x00, 0x03, 0x24, 0xe0,
    0x31, 0xaf, 0xce, 0xdf, 0x50, 0x2d, 0xf8, 0x10, 0x09, 0xd5, 0xf3, 0x01, 0xc4, 0x0a, 0x70, 0x00,
    0x00, 0x00, 0x00, 0x00, 0x5e, 0x00, 0x00, 0x05, 0xe0, 0x00, 0xbf, 0xff, 0xff, 0x52, 0x37, 0xe3,
    0x31, 0x00, 0x5e, 0x00, 0x00, 0x05, 0xe0, 0x00, 0x2f, 0x73, 0xf6, 0x6f, 0x2a, 0xa0, 0x00, 0x00,
    0x00, 0x4f, 0xff, 0xfe, 0x13, 0x33, 0x33, 0x13, 0x07, 0xf2, 0x00, 0x00, 0x00, 0x46, 0x00, 0x00,
    0x00, 0xd7, 0x00, 0x00, 0x04, 0xf1, 0x00, 0x00, 0x0a, 0xa0, 0x00, 0x00, 0x1f, 0x40, 0x00, 0x00,
    0x7d, 0x00, 0x00, 0x00, 0xd7, 0x00, 0x00, 0x04, 0xf2, 0x00, 0x00, 0x0a, 0xa0, 0x00, 0x00, 0x1f,
    0x50, 0x00, 0x00, 0x7d, 0x00, 0x00, 0x00, 0xc8, 0x00, 0x00, 0x03, 0xf2, 0x00, 0x00, 0x09, 0xb0,
    0x00, 0x00, 0x1e, 0x50, 0x00, 0x00, 0x07, 0xef, 0xc4, 0x04, 0xf6, 0x3a, 0xe0, 0x7d, 0x00, 0x5f,
    0x28, 0xc0, 0x1d, 0xf3, 0x8c, 0x0a, 0xdf, 0x38, 0xc5, 0xe5, 0xf3, 0x8e, 0xe5, 0x3f, 0x38, 0xf9,
    0x03, 0xf3, 0x7e, 0x10, 0x3f, 0x24, 0xf6, 0x3a, 0xe0, 0x07, 0xef, 0xc4, 0x00, 0x17, 0xdf, 0x40,
    0x6c, 0x8f, 0x40, 0x00, 0x2f, 0x40, 0x00, 0x2f, 0x40, 0x00, 0x2f, 0x40, 0x00, 0x2f, 0x40, 0x00,
    0x2f, 0x40, 0x00, 0x2f, 0x40, 0x00, 0x2f, 0x40, 0x13, 0x4f, 0x63, 0x3f, 0xff, 0xff, 0x0f, 0xfd,
    0x80, 0x03, 0x36, 0xf6, 0x00, 0x00, 0xb9, 0x00, 0x00, 0xb9, 0x00, 0x00, 0xd8, 0x00, 0x06, 0xf3,
    0x00, 0x2e, 0x80, 0x00, 0xcc, 0x00, 0x08, 0xe2, 0x00, 0x3f, 0x83, 0x33, 0x5f, 0xff, 0xfe, 0x1f,
    0xfe, 0x80, 0x03, 0x35, 0xf5, 0x00, 0x00, 0xd8, 0x00, 0x00, 0xd8, 0x00, 0x03, 0xf5, 0x08, 0xff,
    0xd1, 0x02, 0x34, 0xe8, 0x00, 0x00, 0xaa, 0x00, 0x00, 0xaa, 0x03, 0x34, 0xe8, 0x1f, 0xfe, 0xb1,
    0x01, 0xf4, 0x00, 0x00, 0x4f, 0x10, 0x00, 0x08, 0xc0, 0x00, 0x00, 0xc9, 0x00, 0x00, 0x1f, 0x55,
    0xf1, 0x04, 0xf2, 0x5f, 0x10, 0x8d, 0x05, 0xf1, 0x09, 0xff, 0xff, 0xf4, 0x23, 0x36, 0xf3, 0x10,
    0x00, 0x5f, 0x10, 0x00, 0x05, 0xf1, 0x00, 0x0e, 0xff, 0xf7, 0x0e, 0x83, 0x31, 0x0e, 0x60, 0x00,
    0x0e, 0x60, 0x00, 0x0e, 0xfe, 0xa1, 0x03, 0x34, 0xe8, 0x00, 0x00, 0xaa, 0x00, 0x00, 0xab, 0x00,
    0x00, 0xaa, 0x03, 0x34, 0xe8, 0x1f, 0xfe, 0xa1, 0x06, 0xdf, 0xf6, 0x03, 0xf7, 0x33, 0x10, 0x6e,
    0x00, 0x00, 0x07, 0xe0, 0x00, 0x00, 0x7f, 0xff, 0xd5, 0x07, 0xe3, 0x39, 0xe0, 0x7e, 0x00, 0x3f,
    0x27, 0xe0, 0x03, 0xf3, 0x6e, 0x00, 0x3f, 0x23, 0xf7, 0x3a, 0xd0, 0x06, 0xef, 0xc3, 0x00, 0x5f,
    0xff, 0xfd, 0x13, 0x33, 0xad, 0x00, 0x00, 0xd9, 0x00, 0x02, 0xf5, 0x00, 0x07, 0xe1, 0x00, 0x0b,
    0xb0, 0x00, 0x1f, 0x60, 0x00, 0x5f, 0x20, 0x00, 0xac, 0x00, 0x00, 0xe7, 0x00, 0x03, 0xf3, 0x00,
    0x07, 0xef, 0xc4, 0x04, 0xf6, 0x3a, 0xd0, 0x6e, 0x00, 0x5f, 0x16, 0xe0, 0x05, 0xf1, 0x4f, 0x40,
    0x9d, 0x00, 0xcf, 0xff, 0x70, 0x7e, 0x43, 0x8f, 0x29, 0xc0, 0x02, 0xf4, 0x9c, 0x00, 0x2f, 0x47,
    0xe4, 0x38, 0xf2, 0x1a, 0xef, 0xd7, 0x00, 0x06, 0xdf, 0xc3, 0x03, 0xf7, 0x3a, 0xd0, 0x6e, 0x00,
    0x3f, 0x27, 0xd0, 0x03, 0xf2, 0x7d, 0x00, 0x3f, 0x25, 0xf3, 0x03, 0xf2, 0x0b, 0xff, 0xff, 0x20,
    0x01, 0x35, 0xf2, 0x00, 0x00, 0x3f, 0x20, 0x23, 0x3a, 0xe0, 0x08, 0xff, 0xc3, 0x00, 0x7f, 0x21,
    0x30, 0x00, 0x00, 0x00, 0x00, 0x00, 0x00, 0x13, 0x07, 0xf2, 0x2f, 0x70, 0x31, 0x00, 0x00, 0x00,
    0x00, 0x00, 0x00, 0x2f, 0x73, 0xf6, 0x6f, 0x2a, 0xa0, 0x00, 0x00, 0x29, 0x50, 0x03, 0xaf, 0xc3,
    0x4b, 0xfb, 0x40, 0x0b, 0xd2, 0x00, 0x00, 0x7f, 0xd7, 0x10, 0x00, 0x28, 0xee, 0x81, 0x00, 0x01,
    0x7d, 0x50, 0x00, 0x00, 0x01, 0x00, 0x00, 0x00, 0x0b, 0xff, 0xff, 0xf5, 0x23, 0x33, 0x33, 0x10,
    0x00, 0x00, 0x00, 0xbf, 0xff, 0xff, 0x52, 0x33, 0x33, 0x31, 0x97, 0x10, 0x00, 0x07, 0xee, 0x81,
    0x00, 0x01, 0x6c, 0xe8, 0x10, 0x00, 0x05, 0xe5, 0x00, 0x29, 0xed, 0x34, 0xbf, 0xc6, 0x00, 0xbb,
    0x40, 0x00, 0x02, 0x00, 0x00, 0x00, 0xff, 0xe9, 0x03, 0x35, 0xf5, 0x00, 0x0c, 0x80, 0x00, 0xd8,
    0x00, 0x6f, 0x40, 0x4f, 0x70, 0x0c, 0xa0, 0x00, 0xc8, 0x00, 0x00, 0x00, 0x00, 0x32, 0x00, 0x0e,
    0xa0, 0x00, 0x1a, 0xef, 0xff, 0xd6, 0x06, 0xd4, 0x33, 0x36, 0xf1, 0x89, 0x1c, 0xff, 0x1e, 0x28,
    0x96, 0xc4, 0xf1, 0xe3, 0x89, 0x88, 0x0f, 0x1e, 0x38, 0x98, 0x80, 0xf1, 0xe3, 0x89, 0x88, 0x0f,
    0x1e, 0x38, 0x97, 0xa3, 0xf3, 0xe2, 0x89, 0x4f, 0xe9, 0xfd, 0x07, 0xc4, 0x44, 0x22, 0x10, 0x1b,
    0xff, 0xf9, 0x00, 0x00, 0x00, 0x0b, 0xf6, 0x00, 0x00, 0x0e, 0xc9, 0x00, 0x00, 0x3f, 0x6d, 0x00,
    0x00, 0x7c, 0x2f, 0x20, 0x00, 0xa9, 0x0e, 0x50, 0x00, 0xe5, 0x0b, 0x90, 0x03, 0xf2, 0x07, 0xd0,
    0x06, 0xff, 0xff, 0xf1, 0x0a, 0xb3, 0x33, 0xf5, 0x0e, 0x70, 0x00, 0xc8, 0x2f, 0x40, 0x00, 0x9c,
    0xaf, 0xff, 0xc4, 0x0a, 0xc3, 0x3a, 0xe0, 0xab, 0x00, 0x4f, 0x1a, 0xb0, 0x04, 0xf2, 0xab, 0x00,
    0x9e, 0x0a, 0xff, 0xff, 0x80, 0xac, 0x33, 0x8f, 0x2a, 0xb0, 0x02, 0xf4, 0xab, 0x00, 0x2f, 0x4a,
    0xc3, 0x38, 0xf2, 0xaf, 0xff, 0xd7, 0x00, 0x04, 0xcf, 0xfd, 0x1e, 0x93, 0x33, 0x3f, 0x20, 0x00,
    0x4f, 0x20, 0x00, 0x4f, 0x20, 0x00, 0x4f, 0x20, 0x00, 0x4f, 0x20, 0x00, 0x4f, 0x20, 0x00, 0x3f,
    0x20, 0x00, 0x1e, 0x93, 0x33, 0x04, 0xcf, 0xfd, 0xaf, 0xff, 0xd6, 0x0a, 0xb3, 0x38, 0xf2, 0xab,
    0x00, 0x1f, 0x5a, 0xb0, 0x01, 0xf5, 0xab, 0x00, 0x1f, 0x5a, 0xb0, 0x01, 0xf5, 0xab, 0x00, 0x1f,
    0x5a, 0xb0, 0x01, 0xf5, 0xab, 0x00, 0x1f, 0x5a, 0xb3, 0x37, 0xf2, 0xaf, 0xff, 0xd7, 0x00, 0x5f,
    0xff, 0xff, 0x5f, 0x43, 0x33, 0x5f, 0x10, 0x00, 0x5f, 0x10, 0x00, 0x5f, 0x10, 0x00, 0x5f, 0xff,
    0xf9, 0x5f, 0x33, 0x32, 0x5f, 0x10, 0x00, 0x5f, 0x10, 0x00, 0x5f, 0x43, 0x33, 0x5f, 0xff, 0xff,
    0x4f, 0xff, 0xff, 0x14, 0xf4, 0x33, 0x30, 0x4f, 0x10, 0x00, 0x04, 0xf1, 0x00, 0x00, 0x4f, 0x20,
    0x00, 0x04, 0xff, 0xff, 0xa0, 0x4f, 0x43, 0x32, 0x04, 0xf1, 0x00, 0x00, 0x4f, 0x10, 0x00, 0x04,
    0xf1, 0x00, 0x00, 0x4f, 0x10, 0x00, 0x00, 0x07, 0xdf, 0xfa, 0x04, 0xf7, 0x33, 0x20, 0x7e, 0x00,
    0x00, 0x08, 0xd0, 0x00, 0x00, 0x8d, 0x00, 0x00, 0x08, 0xd0, 0x9f, 0xf2, 0x8d, 0x02, 0x5f, 0x28,
    0xd0, 0x03, 0xf2, 0x7e, 0x00, 0x3f, 0x24, 0xf7, 0x35, 0xf2, 0x07, 0xdf, 0xff, 0x20, 0xba, 0x00,
    0x0f, 0x5b, 0xa0, 0x00, 0xf5, 0xba, 0x00, 0x0f, 0x5b, 0xa0, 0x00, 0xf5, 0xba, 0x00, 0x1f, 0x5b,
    0xff, 0xff, 0xf5, 0xbb, 0x33, 0x3f, 0x5b, 0xa0, 0x00, 0xf5, 0xba, 0x00, 0x0f, 0x5b, 0xa0, 0x00,
    0xf5, 0xba, 0x00, 0x0f, 0x50, 0xcf, 0xff, 0x73, 0x8f, 0x31, 0x06, 0xf0, 0x00, 0x6f, 0x00, 0x06,
    0xf0, 0x00, 0x6f, 0x00, 0x06, 0xf0, 0x00, 0x6f, 0x00, 0x06, 0xf0, 0x03, 0x8f, 0x31, 0xcf, 0xff,
    0x70, 0x6f, 0xff, 0x81, 0x33, 0xd8, 0x00, 0x0c, 0x80, 0x00, 0xc8, 0x00, 0x0c, 0x80, 0x00, 0xc8,
    0x00, 0x0c, 0x80, 0x00, 0xc8, 0x00, 0x0d, 0x83, 0x36, 0xf5, 0xff, 0xd7, 0x00, 0xba, 0x00, 0x9d,
    0x1b, 0xa0, 0x3f, 0x50, 0xba, 0x0c, 0xa0, 0x0b, 0xa7, 0xe2, 0x00, 0xbc, 0xf6, 0x00, 0x0b, 0xff,
    0x70, 0x00, 0xbe, 0x9e, 0x10, 0x0b, 0xa1, 0xe8, 0x00, 0xba, 0x07, 0xf2, 0x0b, 0xa0, 0x1e, 0x90,
    0xba, 0x00, 0x6f, 0x30, 0x2f, 0x40, 0x00, 0x2f, 0x40, 0x00, 0x2f, 0x40, 0x00, 0x2f, 0x40, 0x00,
    0x2f, 0x40, 0x00, 0x2f, 0x40, 0x00, 0x2f, 0x40, 0x00, 0x2f, 0x40, 0x00, 0x2f, 0x40, 0x00, 0x2f,
    0x63, 0x33, 0x2f, 0xff, 0xfc, 0x2f, 0xf3, 0x07, 0xfc, 0x2f, 0xe6, 0x0b, 0xec, 0x2f, 0xaa, 0x0e,
    0xac, 0x2f, 0x6d, 0x2e, 0x7c, 0x2f, 0x2f, 0x7a, 0x7c, 0x2f, 0x1d, 0xe6, 0x7c, 0x2f, 0x19, 0xf2,
    0x7c, 0x2f, 0x12, 0x40, 0x7c, 0x2f, 0x10, 0x00, 0x7c, 0x2f, 0x10, 0x00, 0x7c, 0x2f, 0x10, 0x00,
    0x7c, 0xbf, 0xa0, 0x0e, 0x5b, 0xee, 0x00, 0xe5, 0xba, 0xf3, 0x0e, 0x5b, 0x8d, 0x60, 0xe5, 0xb8,
    0x9a, 0x0e, 0x5b, 0x85, 0xe0, 0xe5, 0xb8, 0x1f, 0x3e, 0x5b, 0x80, 0xd7, 0xe5, 0xb8, 0x09, 0xbe,
    0x5b, 0x80, 0x5e, 0xe5, 0xb8, 0x01, 0xff, 0x50, 0x1a, 0xef, 0xd7, 0x09, 0xd4, 0x37, 0xf4, 0xd8,
    0x00, 0x0d, 0x7d, 0x80, 0x00, 0xd8, 0xd8, 0x00, 0x0d, 0x8d, 0x80, 0x00, 0xd8, 0xd8, 0x00, 0x0d,
    0x8d, 0x80, 0x00, 0xd8, 0xd8, 0x00, 0x0d, 0x79, 0xd4, 0x37, 0xf4, 0x1a, 0xef, 0xd7, 0x00, 0x8f,
    0xff, 0xd6, 0x08, 0xd3, 0x38, 0xf1, 0x8c, 0x00, 0x3f, 0x38, 0xc0, 0x03, 0xf3, 0x8c, 0x00, 0x6f,
    0x28, 0xff, 0xff, 0x80, 0x8d, 0x33, 0x10, 0x08, 0xc0, 0x00, 0x00, 0x8c, 0x00, 0x00, 0x08, 0xc0,
    0x00, 0x00, 0x8c, 0x00, 0x00, 0x00, 0x1a, 0xef, 0xd7, 0x00, 0x9d, 0x43, 0x7f, 0x40, 0xd8, 0x00,
    0x0d, 0x70, 0xd8, 0x00, 0x0d, 0x80, 0xd8, 0x00, 0x0d, 0x80, 0xd8, 0x00, 0x0d, 0x80, 0xd8, 0x00,
    0x0d, 0x80, 0xd8, 0x00, 0x0d, 0x80, 0xd8, 0x00, 0x0d, 0x70, 0x9d, 0x43, 0x7f, 0x50, 0x1a, 0xef,
    0xee, 0xb1, 0x00, 0x00, 0x02, 0xa1, 0xdf, 0xfe, 0xb2, 0x0d, 0x93, 0x4c, 0xb0, 0xd8, 0x00, 0x8d,
    0x0d, 0x80, 0x08, 0xd0, 0xd8, 0x01, 0xbb, 0x0d, 0xff, 0xfd, 0x30, 0xd9, 0x3c, 0xa0, 0x0d, 0x80,
    0x5f, 0x20, 0xd8, 0x00, 0xe8, 0x0d, 0x80, 0x08, 0xe1, 0xd8, 0x00, 0x1f, 0x70, 0x05, 0xdf, 0xfc,
    0x02, 0xf8, 0x33, 0x20, 0x5f, 0x00, 0x00, 0x06, 0xf0, 0x00, 0x00, 0x3f, 0x40, 0x00, 0x00, 0x9f,
    0xfd, 0x40, 0x00, 0x13, 0xbd, 0x00, 0x00, 0x06, 0xf0, 0x00, 0x00, 0x6f, 0x00, 0x33, 0x4c, 0xc0,
    0x2f, 0xfe, 0xb2, 0x00, 0xef, 0xff, 0xff, 0x83, 0x38, 0xf3, 0x32, 0x00, 0x6f, 0x00, 0x00, 0x06,
    0xf0, 0x00, 0x00, 0x6f, 0x00, 0x00, 0x06, 0xf0, 0x00, 0x00, 0x6f, 0x00, 0x00, 0x06, 0xf0, 0x00,
    0x00, 0x6f, 0x00, 0x00, 0x06, 0xf0, 0x00, 0x00, 0x6f, 0x00, 0x00, 0xc9, 0x00, 0x0f, 0x6c, 0x90,
    0x00, 0xf6, 0xc9, 0x00, 0x0f, 0x6c, 0x90, 0x00, 0xf6, 0xc9, 0x00, 0x0f, 0x6c, 0x90, 0x00, 0xf6,
    0xc9, 0x00, 0x0f, 0x6c, 0x90, 0x00, 0xf6, 0xba, 0x00, 0x0f, 0x58, 0xe5, 0x38, 0xf2, 0x19, 0xef,
    0xd6, 0x00, 0x0f, 0x60, 0x00, 0xc8, 0x0c, 0x90, 0x01, 0xf5, 0x09, 0xc0, 0x04, 0xf1, 0x05, 0xf0,
    0x07, 0xd0, 0x02, 0xf3, 0x0a, 0xa0, 0x00, 0xe6, 0x0d, 0x60, 0x00, 0xb9, 0x2f, 0x30, 0x00, 0x8c,
    0x5e, 0x00, 0x00, 0x4f, 0x8b, 0x00, 0x00, 0x1f, 0xe7, 0x00, 0x00, 0x0d, 0xf4, 0x00, 0x2f, 0x00,
    0x00, 0x6b, 0x2f, 0x10, 0x00, 0x6a, 0x1f, 0x20, 0x00, 0x7a, 0x0f, 0x30, 0x00, 0x89, 0x0f, 0x31,
    0x50, 0x98, 0x0e, 0x46, 0xf1, 0x97, 0x0d, 0x5a, 0xe4, 0xa7, 0x0c, 0x6e, 0x98, 0xb6, 0x0c, 0x9d,
    0x5c, 0xc5, 0x0b, 0xd9, 0x2f, 0xe4, 0x0a, 0xf6, 0x0e, 0xf4, 0x0a, 0xc0, 0x01, 0xf6, 0x03, 0xf4,
    0x08, 0xe0, 0x00, 0xbb, 0x1e, 0x70, 0x00, 0x4f, 0xae, 0x10, 0x00, 0x0c, 0xf7, 0x00, 0x00, 0x08,
    0xf3, 0x00, 0x00, 0x1e, 0xf9, 0x00, 0x00, 0x7e, 0x7f, 0x20, 0x01, 0xe8, 0x0d, 0x90, 0x07, 0xe1,
    0x07, 0xf2, 0x1e, 0x80, 0x01, 0xe9, 0x1f, 0x70, 0x00, 0xba, 0x09, 0xd0, 0x03, 0xf3, 0x02, 0xf6,
    0x0a, 0xb0, 0x00, 0x9c, 0x2f, 0x30, 0x00, 0x2f, 0xcb, 0x00, 0x00, 0x0a, 0xf4, 0x00, 0x00, 0x07,
    0xf0, 0x00, 0x00, 0x07, 0xf0, 0x00, 0x00, 0x07, 0xf0, 0x00, 0x00, 0x07, 0xf0, 0x00, 0x00, 0x07,
    0xf0, 0x00, 0x4f, 0xff, 0xff, 0x31, 0x33, 0x38, 0xf2, 0x00, 0x00, 0xda, 0x00, 0x00, 0x6f, 0x20,
    0x00, 0x1e, 0x90, 0x00, 0x07, 0xf2, 0x00, 0x01, 0xe9, 0x00, 0x00, 0x8e, 0x10, 0x00, 0x1e, 0x80,
    0x00, 0x08, 0xf4, 0x33, 0x30, 0x9f, 0xff, 0xff, 0x10, 0x00, 0x00, 0x5f, 0xff, 0x5e, 0x33, 0x5e,
    0x00, 0x5e, 0x00, 0x5e, 0x00, 0x5e, 0x00, 0x5e, 0x00, 0x5e, 0x00, 0x5e, 0x00, 0x5e, 0x00, 0x5e,
    0x00, 0x5e, 0x00, 0x5e, 0x00, 0x5e, 0x00, 0x5f, 0xff, 0x13, 0x33, 0x18, 0x20, 0x00, 0x00, 0x0c,
    0x80, 0x00, 0x00, 0x06, 0xe0, 0x00, 0x00, 0x01, 0xe5, 0x00, 0x00, 0x00, 0x9b, 0x00, 0x00, 0x00,
    0x4f, 0x20, 0x00, 0x00, 0x0d, 0x70, 0x00, 0x00, 0x07, 0xd0, 0x00, 0x00, 0x01, 0xf4, 0x00, 0x00,
    0x00, 0xaa, 0x00, 0x00, 0x00, 0x4f, 0x10, 0x00, 0x00, 0x0d, 0x70, 0x00, 0x00, 0x07, 0xd0, 0x00,
    0x00, 0x02, 0xf4, 0x00, 0x00, 0x00, 0xaa, 0x00, 0x00, 0x5f, 0xff, 0x13, 0x6f, 0x00, 0x4f, 0x00,
    0x4f, 0x00, 0x4f, 0x00, 0x4f, 0x00, 0x4f, 0x00, 0x4f, 0x00, 0x4f, 0x00, 0x4f, 0x00, 0x4f, 0x00,
    0x4f, 0x00, 0x4f, 0x00, 0x4f, 0x5f, 0xff, 0x13, 0x33, 0x00, 0x58, 0x30, 0x00, 0x1e, 0xea, 0x00,
    0x06, 0xe5, 0xf1, 0x00, 0xc8, 0x0d, 0x70, 0x4f, 0x20, 0x8d, 0x0a, 0xb0, 0x02, 0xf4, 0x23, 0x33,
    0x33, 0x33, 0x1b, 0xff, 0xff, 0xff, 0xf5, 0x1c, 0xa0, 0x01, 0xc8, 0x4f, 0xfe, 0xa1, 0x01, 0x33,
    0x4d, 0x80, 0x00, 0x00, 0x9b, 0x03, 0xdf, 0xff, 0xb0, 0xbb, 0x33, 0xab, 0x0e, 0x70, 0x09, 0xb0,
    0xca, 0x33, 0xcd, 0x25, 0xdf, 0xfb, 0xe8, 0x9b, 0x00, 0x00, 0x09, 0xb0, 0x00, 0x00, 0x9b, 0x00,
    0x00, 0x09, 0xee, 0xfd, 0x60, 0x9e, 0x43, 0x8f, 0x19, 0xb0, 0x02, 0xf3, 0x9b, 0x00, 0x2f, 0x49,
    0xb0, 0x02, 0xf4, 0x9b, 0x00, 0x2f, 0x39, 0xc3, 0x38, 0xf1, 0x9f, 0xff, 0xd5, 0x00, 0x04, 0xcf,
    0xfb, 0x0d, 0xa3, 0x32, 0x1f, 0x40, 0x00, 0x1f, 0x40, 0x00, 0x1f, 0x40, 0x00, 0x1f, 0x40, 0x00,
    0x0d, 0xa3, 0x32, 0x04, 0xcf, 0xfb, 0x00, 0x00, 0x1f, 0x40, 0x00, 0x01, 0xf4, 0x00, 0x00, 0x1f,
    0x41, 0xae, 0xff, 0xf4, 0x7e, 0x43, 0x4f, 0x4a, 0xb0, 0x01, 0xf4, 0xab, 0x00, 0x1f, 0x4a, 0xb0,
    0x01, 0xf4, 0xab, 0x00, 0x1f, 0x47, 0xe4, 0x37, 0xf4, 0x1a, 0xef, 0xdf, 0x40, 0x09, 0xef, 0xd5,
    0x05, 0xf4, 0x38, 0xe0, 0x7d, 0x00, 0x3f, 0x28, 0xff, 0xff, 0xf2, 0x8d, 0x33, 0x33, 0x07, 0xd0,
    0x00, 0x00, 0x5f, 0x63, 0x32, 0x00, 0x9e, 0xff, 0x90, 0x00, 0x8f, 0xff, 0x10, 0x0f, 0x83, 0x30,
    0x01, 0xf4, 0x00, 0x06, 0xff, 0xff, 0xd0, 0x14, 0xf7, 0x33, 0x00, 0x1f, 0x40, 0x00, 0x01, 0xf4,
    0x00, 0x00, 0x1f, 0x40, 0x00, 0x01, 0xf4, 0x00, 0x01, 0x4f, 0x73, 0x10, 0x6f, 0xff, 0xf4, 0x00,
    0x1b, 0xef, 0xff, 0x49, 0xd4, 0x35, 0xf4, 0xc8, 0x00, 0x2f, 0x4c, 0x80, 0x02, 0xf3, 0xbb, 0x10,
    0x7f, 0x13, 0xef, 0xff, 0x60, 0x0c, 0xa3, 0x10, 0x00, 0xcf, 0xfe, 0xa1, 0x02, 0x33, 0x4e, 0x62,
    0x33, 0x34, 0xe6, 0x8f, 0xff, 0xea, 0x10, 0x9b, 0x00, 0x00, 0x09, 0xb0, 0x00, 0x00, 0x9b, 0x00,
    0x00, 0x09, 0xee, 0xfd, 0x60, 0x9e, 0x43, 0x8f, 0x19, 0xb0, 0x02, 0xf3, 0x9b, 0x00, 0x2f, 0x49,
    0xb0, 0x02, 0xf4, 0x9b, 0x00, 0x2f, 0x49, 0xb0, 0x02, 0xf4, 0x9b, 0x00, 0x2f, 0x40, 0x00, 0x7f,
    0x10, 0x00, 0x01, 0x30, 0x00, 0x00, 0x00, 0x00, 0x0b, 0xff, 0xf0, 0x00, 0x23, 0x8f, 0x00, 0x00,
    0x06, 0xf0, 0x00, 0x00, 0x6f, 0x00, 0x00, 0x06, 0xf0, 0x00, 0x00, 0x6f, 0x00, 0x00, 0x06, 0xf3,
    0x31, 0x00, 0x6f, 0xff, 0x50, 0x00, 0x1f, 0x70, 0x00, 0x31, 0x00, 0x00, 0x05, 0xff, 0xf6, 0x13,
    0x3f, 0x60, 0x00, 0xf6, 0x00, 0x0f, 0x60, 0x00, 0xf6, 0x00, 0x0f, 0x60, 0x00, 0xf6, 0x00, 0x0f,
    0x60, 0x00, 0xf6, 0x23, 0x4f, 0x5c, 0xff, 0xb1, 0x7d, 0x00, 0x00, 0x07, 0xd0, 0x00, 0x00, 0x7d,
    0x00, 0x00, 0x07, 0xd0, 0x2e, 0xa0, 0x7d, 0x1d, 0xc0, 0x07, 0xec, 0xd1, 0x00, 0x7f, 0xf9, 0x00,
    0x07, 0xe8, 0xf3, 0x00, 0x7d, 0x0c, 0xc0, 0x07, 0xd0, 0x4f, 0x60, 0x7d, 0x00, 0xae, 0x10, 0xdf,
    0xfc, 0x00, 0x03, 0x39, 0xc0, 0x00, 0x00, 0x8c, 0x00, 0x00, 0x08, 0xc0, 0x00, 0x00, 0x8c, 0x00,
    0x00, 0x08, 0xc0, 0x00, 0x00, 0x8c, 0x00, 0x00, 0x08, 0xc0, 0x00, 0x00, 0x8c, 0x00, 0x00, 0x08,
    0xe3, 0x32, 0x00, 0x3e, 0xff, 0x80, 0x5e, 0xdd, 0x7d, 0xe6, 0x5f, 0x59, 0xf5, 0x9d, 0x5f, 0x05,
    0xe0, 0x5e, 0x5f, 0x05, 0xe0, 0x5e, 0x5f, 0x05, 0xe0, 0x5e, 0x5f, 0x05, 0xe0, 0x5e, 0x5f, 0x05,
    0xe0, 0x5e, 0x5f, 0x05, 0xe0, 0x5e, 0x9e, 0xef, 0xd6, 0x09, 0xe4, 0x38, 0xf1, 0x9b, 0x00, 0x2f,
    0x39, 0xb0, 0x02, 0xf4, 0x9b, 0x00, 0x2f, 0x49, 0xb0, 0x02, 0xf4, 0x9b, 0x00, 0x2f, 0x49, 0xb0,
    0x02, 0xf4, 0x1a, 0xef, 0xd6, 0x07, 0xe4, 0x37, 0xf2, 0xaa, 0x00, 0x1f, 0x4a, 0xa0, 0x01, 0xf4,
    0xaa, 0x00, 0x1f, 0x4a, 0xa0, 0x01, 0xf4, 0x7e, 0x43, 0x7f, 0x21, 0xae, 0xfd, 0x60, 0x9e, 0xef,
    0xd6, 0x09, 0xe4, 0x38, 0xf1, 0x9b, 0x00, 0x2f, 0x39, 0xb0, 0x02, 0xf4, 0x9b, 0x00, 0x2f, 0x49,
    0xb0, 0x02, 0xf3, 0x9c, 0x33, 0x8f, 0x19, 0xff, 0xfd, 0x50, 0x9b, 0x00, 0x00, 0x09, 0xb0, 0x00,
    0x00, 0x9b, 0x00, 0x00, 0x00, 0x1a, 0xef, 0xff, 0x47, 0xe4, 0x34, 0xf4, 0xab, 0x00, 0x1f, 0x4a,
    0xb0, 0x01, 0xf4, 0xab, 0x00, 0x1f, 0x4a, 0xb0, 0x01, 0xf4, 0x7e, 0x43, 0x7f, 0x41, 0xae, 0xfd,
    0xf4, 0x00, 0x00, 0x1f, 0x40, 0x00, 0x01, 0xf4, 0x00, 0x00, 0x1f, 0x40, 0x6f, 0xfc, 0xff, 0x16,
    0xf8, 0x33, 0x04, 0xf2, 0x00, 0x04, 0xf2, 0x00, 0x04, 0xf2, 0x00, 0x04, 0xf2, 0x00, 0x16, 0xf5,
    0x30, 0x6f, 0xff, 0xd0, 0x07, 0xef, 0xf7, 0x1f, 0x83, 0x31, 0x1f, 0x60, 0x00, 0x0a, 0xff, 0xc2,
    0x00, 0x23, 0xca, 0x00, 0x00, 0x9b, 0x03, 0x34, 0xda, 0x0f, 0xff, 0xc2, 0x00, 0xc9, 0x00, 0x00,
    0xc9, 0x00, 0x4f, 0xff, 0xfe, 0x13, 0xca, 0x33, 0x00, 0xc9, 0x00, 0x00, 0xc9, 0x00, 0x00, 0xc9,
    0x00, 0x00, 0xc9, 0x00, 0x00, 0xbc, 0x33, 0x00, 0x4e, 0xfe, 0x8d, 0x00, 0x3f, 0x28, 0xd0, 0x03,
    0xf2, 0x8d, 0x00, 0x3f, 0x28, 0xd0, 0x03, 0xf2, 0x8d, 0x00, 0x3f, 0x27, 0xd0, 0x03, 0xf2, 0x5f,
    0x53, 0x9f, 0x20, 0x9e, 0xfd, 0xf2, 0xca, 0x00, 0x0e, 0x78, 0xe0, 0x03, 0xf3, 0x4f, 0x30, 0x7d,
    0x00, 0xe7, 0x0b, 0x90, 0x0a, 0xb0, 0xf5, 0x00, 0x6e, 0x4f, 0x10, 0x01, 0xfc, 0xb0, 0x00, 0x0c,
    0xf7, 0x00, 0x5f, 0x00, 0x00, 0x4f, 0x03, 0xf2, 0x18, 0x06, 0xc0, 0x0f, 0x45, 0xf2, 0x89, 0x00,
    0xc6, 0x8f, 0x5b, 0x70, 0x0a, 0x8c, 0xc8, 0xd4, 0x00, 0x7b, 0xe6, 0xbf, 0x10, 0x04, 0xfc, 0x2f,
    0xe0, 0x00, 0x1f, 0x90, 0xeb, 0x00, 0x7f, 0x20, 0x6e, 0x20, 0xda, 0x1e, 0x70, 0x04, 0xfb, 0xc0,
    0x00, 0x0b, 0xf4, 0x00, 0x00, 0xcf, 0x70, 0x00, 0x7e, 0x7e, 0x20, 0x2e, 0x60, 0xda, 0x0a, 0xc0,
    0x04, 0xf4, 0xc9, 0x00, 0x0e, 0x77, 0xe0, 0x03, 0xf3, 0x2f, 0x30, 0x6e, 0x00, 0xd8, 0x0a, 0xa0,
    0x08, 0xc0, 0xe6, 0x00, 0x3f, 0x5f, 0x20, 0x00, 0xdd, 0xd0, 0x00, 0x08, 0xf9, 0x00, 0x00, 0x2f,
    0x50, 0x00, 0x29, 0xe1, 0x00, 0x0c, 0xe6, 0x00, 0x00, 0x0f, 0xff, 0xfe, 0x03, 0x33, 0xdd, 0x00,
    0x07, 0xf4, 0x00, 0x2f, 0x80, 0x00, 0xcc, 0x00, 0x07, 0xf3, 0x00, 0x2f, 0x93, 0x32, 0x4f, 0xff,
    0xfc, 0x00, 0x00, 0x00, 0x2d, 0xf4, 0x07, 0xd3, 0x10, 0x8b, 0x00, 0x08, 0xb0, 0x00, 0x8b, 0x00,
    0x08, 0xb0, 0x00, 0xa8, 0x00, 0xad, 0x10, 0x02, 0xb7, 0x00, 0x08, 0xb0, 0x00, 0x8b, 0x00, 0x08,
    0xb0, 0x00, 0x8b, 0x00, 0x07, 0xc1, 0x00, 0x3f, 0xf4, 0x00, 0x13, 0x10, 0x27, 0x5e, 0x5e, 0x5e,
    0x5e, 0x5e, 0x5e, 0x5e, 0x5e, 0x5e, 0x5e, 0x5e, 0x5e, 0x5e, 0x5e, 0x00, 0x00, 0x0a, 0xfa, 0x00,
    0x26, 0xf1, 0x00, 0x2f, 0x20, 0x02, 0xf2, 0x00, 0x2f, 0x20, 0x02, 0xf2, 0x00, 0x0e, 0x50, 0x00,
    0x5f, 0x40, 0x0d, 0x71, 0x01, 0xf2, 0x00, 0x2f, 0x20, 0x02, 0xf2, 0x00, 0x2f, 0x20, 0x03, 0xf1,
    0x0a, 0xfc, 0x00, 0x22, 0x00, 0x00, 0x00, 0x00, 0x00, 0x02, 0xbe, 0x71, 0x81, 0x68, 0x4b, 0xfb,
    0x00, 0x00, 0x02, 0x00,
};
static const lv_font_fmt_txt_glyph_dsc_t pet_menu_font_16_glyphs[] = {
    {.bitmap_index = 0, .adv_w = 0, .box_w = 0, .box_h = 0, .ofs_x = 0, .ofs_y = 0},
    {.bitmap_index = 0, .adv_w = 144, .box_w = 0, .box_h = 0, .ofs_x = 0, .ofs_y = 0}, /* ' ' */
    {.bitmap_index = 0, .adv_w = 144, .box_w = 3, .box_h = 11, .ofs_x = 3, .ofs_y = 0}, /* '!' */
    {.bitmap_index = 17, .adv_w = 144, .box_w = 5, .box_h = 4, .ofs_x = 2, .ofs_y = 7}, /* '"' */
    {.bitmap_index = 27, .adv_w = 144, .box_w = 7, .box_h = 11, .ofs_x = 1, .ofs_y = 0}, /* '#' */
    {.bitmap_index = 66, .adv_w = 144, .box_w = 6, .box_h = 15, .ofs_x = 1, .ofs_y = -2}, /* '$' */
    {.bitmap_index = 111, .adv_w = 144, .box_w = 9, .box_h = 11, .ofs_x = 0, .ofs_y = 0}, /* '%' */
    {.bitmap_index = 161, .adv_w = 144, .box_w = 7, .box_h = 11, .ofs_x = 1, .ofs_y = 0}, /* '&' */
    {.bitmap_index = 200, .adv_w = 144, .box_w = 3, .box_h = 4, .ofs_x = 3, .ofs_y = 7}, /* "'" */
    {.bitmap_index = 206, .adv_w = 144, .box_w = 4, .box_h = 15, .ofs_x = 2, .ofs_y = -2}, /* '(' */
    {.bitmap_index = 236, .adv_w = 144, .box_w = 4, .box_h = 15, .ofs_x = 2, .ofs_y = -2}, /* ')' */
    {.bitmap_index = 266, .adv_w = 144, .box_w = 7, .box_h = 7, .ofs_x = 1, .ofs_y = 4}, /* '*' */
    {.bitmap_index = 291, .adv_w = 144, .box_w = 7, .box_h = 6, .ofs_x = 1, .ofs_y = 2}, /* '+' */
    {.bitmap_index = 312, .adv_w = 144, .box_w = 3, .box_h = 4, .ofs_x = 3, .ofs_y = -2}, /* ',' */
    {.bitmap_index = 318, .adv_w = 144, .box_w = 6, .box_h = 3, .ofs_x = 1, .ofs_y = 4}, /* '-' */
    {.bitmap_index = 327, .adv_w = 144, .box_w = 3, .box_h = 2, .ofs_x = 3, .ofs_y = 0}, /* '.' */
    {.bitmap_index = 330, .adv_w = 144, .box_w = 8, .box_h = 15, .ofs_x = 0, .ofs_y = -2}, /* '/' */
    {.bitmap_index = 390, .adv_w = 144, .box_w = 7, .box_h = 11, .ofs_x = 1, .ofs_y = 0}, /* '0' */
    {.bitmap_index = 429, .adv_w = 144, .box_w = 6, .box_h = 11, .ofs_x = 1, .ofs_y = 0}, /* '1' */
    {.bitmap_index = 462, .adv_w = 144, .box_w = 6, .box_h = 11, .ofs_x = 1, .ofs_y = 0}, /* '2' */
    {.bitmap_index = 495, .adv_w = 144, .box_w = 6, .box_h = 11, .ofs_x = 1, .ofs_y = 0}, /* '3' */
    {.bitmap_index = 528, .adv_w = 144, .box_w = 7, .box_h = 11, .ofs_x = 1, .ofs_y = 0}, /* '4' */
    {.bitmap_index = 567, .adv_w = 144, .box_w = 6, .box_h = 11, .ofs_x = 1, .ofs_y = 0}, /* '5' */
    {.bitmap_index = 600, .adv_w = 144, .box_w = 7, .box_h = 11, .ofs_x = 1, .ofs_y = 0}, /* '6' */
    {.bitmap_index = 639, .adv_w = 144, .box_w = 6, .box_h = 11, .ofs_x = 1, .ofs_y = 0}, /* '7' */
    {.bitmap_index = 672, .adv_w = 144, .box_w = 7, .box_h = 11, .ofs_x = 1, .ofs_y = 0}, /* '8' */
    {.bitmap_index = 711, .adv_w = 144, .box_w = 7, .box_h = 11, .ofs_x = 1, .ofs_y = 0}, /* '9' */
    {.bitmap_index = 750, .adv_w = 144, .box_w = 3, .box_h = 8, .ofs_x = 3, .ofs_y = 0}, /* ':' */
    {.bitmap_index = 762, .adv_w = 144, .box_w = 3, .box_h = 10, .ofs_x = 3, .ofs_y = -2}, /* ';' */
    {.bitmap_index = 777, .adv_w = 144, .box_w = 7, .box_h = 8, .ofs_x = 1, .ofs_y = 1}, /* '<' */
    {.bitmap_index = 805, .adv_w = 144, .box_w = 7, .box_h = 6, .ofs_x = 1, .ofs_y = 2}, /* '=' */
    {.bitmap_index = 826, .adv_w = 144, .box_w = 7, .box_h = 8, .ofs_x = 1, .ofs_y = 1}, /* '>' */
    {.bitmap_index = 854, .adv_w = 144, .box_w = 5, .box_h = 11, .ofs_x = 2, .ofs_y = 0}, /* '?' */
    {.bitmap_index = 882, .adv_w = 144, .box_w = 9, .box_h = 11, .ofs_x = 0, .ofs_y = 0}, /* '@' */
    {.bitmap_index = 932, .adv_w = 144, .box_w = 8, .box_h = 11, .ofs_x = 0, .ofs_y = 0}, /* 'A' */
    {.bitmap_index = 976, .adv_w = 144, .box_w = 7, .box_h = 11, .ofs_x = 1, .ofs_y = 0}, /* 'B' */
    {.bitmap_index = 1015, .adv_w = 144, .box_w = 6, .box_h = 11, .ofs_x = 1, .ofs_y = 0}, /* 'C' */
    {.bitmap_index = 1048, .adv_w = 144, .box_w = 7, .box_h = 11, .ofs_x = 1, .ofs_y = 0}, /* 'D' */
    {.bitmap_index = 1087, .adv_w = 144, .box_w = 6, .box_h = 11, .ofs_x = 1, .ofs_y = 0}, /* 'E' */
    {.bitmap_index = 1120, .adv_w = 144, .box_w = 7, .box_h = 11, .ofs_x = 1, .ofs_y = 0}, /* 'F' */
    {.bitmap_index = 1159, .adv_w = 144, .box_w = 7, .box_h = 11, .ofs_x = 1, .ofs_y = 0}, /* 'G' */
    {.bitmap_index = 1198, .adv_w = 144, .box_w = 7, .box_h = 11, .ofs_x = 1, .ofs_y = 0}, /* 'H' */
    {.bitmap_index = 1237, .adv_w = 144, .box_w = 5, .box_h = 11, .ofs_x = 2, .ofs_y = 0}, /* 'I' */
    {.bitmap_index = 1265, .adv_w = 144, .box_w = 5, .box_h = 11, .ofs_x = 2, .ofs_y = 0}, /* 'J' */
    {.bitmap_index = 1293, .adv_w = 144, .box_w = 7, .box_h = 11, .ofs_x = 1, .ofs_y = 0}, /* 'K' */
    {.bitmap_index = 1332, .adv_w = 144, .box_w = 6, .box_h = 11, .ofs_x = 1, .ofs_y = 0}, /* 'L' */
    {.bitmap_index = 1365, .adv_w = 144, .box_w = 8, .box_h = 11, .ofs_x = 0, .ofs_y = 0}, /* 'M' */
    {.bitmap_index = 1409, .adv_w = 144, .box_w = 7, .box_h = 11, .ofs_x = 1, .ofs_y = 0}, /* 'N' */
    {.bitmap_index = 1448, .adv_w = 144, .box_w = 7, .box_h = 11, .ofs_x = 1, .ofs_y = 0}, /* 'O' */
    {.bitmap_index = 1487, .adv_w = 144, .box_w = 7, .box_h = 11, .ofs_x = 1, .ofs_y = 0}, /* 'P' */
    {.bitmap_index = 1526, .adv_w = 144, .box_w = 8, .box_h = 12, .ofs_x = 1, .ofs_y = -1}, /* 'Q' */
    {.bitmap_index = 1574, .adv_w = 144, .box_w = 7, .box_h = 11, .ofs_x = 1, .ofs_y = 0}, /* 'R' */
    {.bitmap_index = 1613, .adv_w = 144, .box_w = 7, .box_h = 11, .ofs_x = 1, .ofs_y = 0}, /* 'S' */
    {.bitmap_index = 1652, .adv_w = 144, .box_w = 7, .box_h = 11, .ofs_x = 1, .ofs_y = 0}, /* 'T' */
    {.bitmap_index = 1691, .adv_w = 144, .box_w = 7, .box_h = 11, .ofs_x = 1, .ofs_y = 0}, /* 'U' */
    {.bitmap_index = 1730, .adv_w = 144, .box_w = 8, .box_h = 11, .ofs_x = 0, .ofs_y = 0}, /* 'V' */
    {.bitmap_index = 1774, .adv_w = 144, .box_w = 8, .box_h = 11, .ofs_x = 0, .ofs_y = 0}, /* 'W' */
    {.bitmap_index = 1818, .adv_w = 144, .box_w = 8, .box_h = 11, .ofs_x = 0, .ofs_y = 0}, /* 'X' */
    {.bitmap_index = 1862, .adv_w = 144, .box_w = 8, .box_h = 11, .ofs_x = 0, .ofs_y = 0}, /* 'Y' */
    {.bitmap_index = 1906, .adv_w = 144, .box_w = 7, .box_h = 11, .ofs_x = 1, .ofs_y = 0}, /* 'Z' */
    {.bitmap_index = 1945, .adv_w = 144, .box_w = 4, .box_h = 17, .ofs_x = 2, .ofs_y = -3}, /* '[' */
    {.bitmap_index = 1979, .adv_w = 144, .box_w = 8, .box_h = 15, .ofs_x = 0, .ofs_y = -2}, /* '\\' */
    {.bitmap_index = 2039, .adv_w = 144, .box_w = 4, .box_h = 17, .ofs_x = 2, .ofs_y = -3}, /* ']' */
    {.bitmap_index = 2073, .adv_w = 144, .box_w = 7, .box_h = 6, .ofs_x = 1, .ofs_y = 7}, /* '^' */
    {.bitmap_index = 2094, .adv_w = 144, .box_w = 9, .box_h = 2, .ofs_x = 0, .ofs_y = -3}, /* '_' */
    {.bitmap_index = 2103, .adv_w = 144, .box_w = 4, .box_h = 2, .ofs_x = 2, .ofs_y = 9}, /* '`' */
    {.bitmap_index = 2107, .adv_w = 144, .box_w = 7, .box_h = 8, .ofs_x = 1, .ofs_y = 0}, /* 'a' */
    {.bitmap_index = 2135, .adv_w = 144, .box_w = 7, .box_h = 11, .ofs_x = 1, .ofs_y = 0}, /* 'b' */
    {.bitmap_index = 2174, .adv_w = 144, .box_w = 6, .box_h = 8, .ofs_x = 1, .ofs_y = 0}, /* 'c' */
    {.bitmap_index = 2198, .adv_w = 144, .box_w = 7, .box_h = 11, .ofs_x = 1, .ofs_y = 0}, /* 'd' */
    {.bitmap_index = 2237, .adv_w = 144, .box_w = 7, .box_h = 8, .ofs_x = 1, .ofs_y = 0}, /* 'e' */
    {.bitmap_index = 2265, .adv_w = 144, .box_w = 7, .box_h = 11, .ofs_x = 1, .ofs_y = 0}, /* 'f' */
    {.bitmap_index = 2304, .adv_w = 144, .box_w = 7, .box_h = 11, .ofs_x = 1, .ofs_y = -3}, /* 'g' */
    {.bitmap_index = 2343, .adv_w = 144, .box_w = 7, .box_h = 11, .ofs_x = 1, .ofs_y = 0}, /* 'h' */
    {.bitmap_index = 2382, .adv_w = 144, .box_w = 7, .box_h = 11, .ofs_x = 1, .ofs_y = 0}, /* 'i' */
    {.bitmap_index = 2421, .adv_w = 144, .box_w = 5, .box_h = 14, .ofs_x = 2, .ofs_y = -3}, /* 'j' */
    {.bitmap_index = 2456, .adv_w = 144, .box_w = 7, .box_h = 11, .ofs_x = 1, .ofs_y = 0}, /* 'k' */
    {.bitmap_index = 2495, .adv_w = 144, .box_w = 7, .box_h = 11, .ofs_x = 1, .ofs_y = 0}, /* 'l' */
    {.bitmap_index = 2534, .adv_w = 144, .box_w = 8, .box_h = 8, .ofs_x = 0, .ofs_y = 0}, /* 'm' */
    {.bitmap_index = 2566, .adv_w = 144, .box_w = 7, .box_h = 8, .ofs_x = 1, .ofs_y = 0}, /* 'n' */
    {.bitmap_index = 2594, .adv_w = 144, .box_w = 7, .box_h = 8, .ofs_x = 1, .ofs_y = 0}, /* 'o' */
    {.bitmap_index = 2622, .adv_w = 144, .box_w = 7, .box_h = 11, .ofs_x = 1, .ofs_y = -3}, /* 'p' */
    {.bitmap_index = 2661, .adv_w = 144, .box_w = 7, .box_h = 11, .ofs_x = 1, .ofs_y = -3}, /* 'q' */
    {.bitmap_index = 2700, .adv_w = 144, .box_w = 6, .box_h = 8, .ofs_x = 1, .ofs_y = 0}, /* 'r' */
    {.bitmap_index = 2724, .adv_w = 144, .box_w = 6, .box_h = 8, .ofs_x = 1, .ofs_y = 0}, /* 's' */
    {.bitmap_index = 2748, .adv_w = 144, .box_w = 6, .box_h = 10, .ofs_x = 1, .ofs_y = 0}, /* 't' */
    {.bitmap_index = 2778, .adv_w = 144, .box_w = 7, .box_h = 8, .ofs_x = 1, .ofs_y = 0}, /* 'u' */
    {.bitmap_index = 2806, .adv_w = 144, .box_w = 7, .box_h = 8, .ofs_x = 1, .ofs_y = 0}, /* 'v' */
    {.bitmap_index = 2834, .adv_w = 144, .box_w = 9, .box_h = 8, .ofs_x = 0, .ofs_y = 0}, /* 'w' */
    {.bitmap_index = 2870, .adv_w = 144, .box_w = 7, .box_h = 8, .ofs_x = 1, .ofs_y = 0}, /* 'x' */
    {.bitmap_index = 2898, .adv_w = 144, .box_w = 7, .box_h = 11, .ofs_x = 1, .ofs_y = -3}, /* 'y' */
    {.bitmap_index = 2937, .adv_w = 144, .box_w = 6, .box_h = 8, .ofs_x = 1, .ofs_y = 0}, /* 'z' */
    {.bitmap_index = 2961, .adv_w = 144, .box_w = 5, .box_h = 17, .ofs_x = 2, .ofs_y = -3}, /* '{' */
    {.bitmap_index = 3004, .adv_w = 144, .box_w = 2, .box_h = 15, .ofs_x = 3, .ofs_y = -2}, /* '|' */
    {.bitmap_index = 3019, .adv_w = 144, .box_w = 5, .box_h = 17, .ofs_x = 2, .ofs_y = -3}, /* '}' */
    {.bitmap_index = 3062, .adv_w = 144, .box_w = 7, .box_h = 4, .ofs_x = 1, .ofs_y = 3}, /* '~' */
};
static const lv_font_fmt_txt_cmap_t pet_menu_font_16_cmaps[] = {
    {.range_start = 32, .range_length = 95, .glyph_id_start = 1,
     .unicode_list = NULL, .glyph_id_ofs_list = NULL, .list_length = 0,
     .type = LV_FONT_FMT_TXT_CMAP_FORMAT0_TINY},
};
static const lv_font_fmt_txt_dsc_t pet_menu_font_16_dsc = {
    .glyph_bitmap = pet_menu_font_16_bitmap, .glyph_dsc = pet_menu_font_16_glyphs, .cmaps = pet_menu_font_16_cmaps,
    .kern_dsc = NULL, .kern_scale = 0, .cmap_num = 1, .bpp = 4, .kern_classes = 0, .bitmap_format = 0,
};
const lv_font_t pet_menu_font_16 = {
    .get_glyph_dsc = lv_font_get_glyph_dsc_fmt_txt,
    .get_glyph_bitmap = lv_font_get_bitmap_fmt_txt,
    .line_height = 19,
    .base_line = 4,
    .subpx = LV_FONT_SUBPX_NONE,
    .underline_position = -2,
    .underline_thickness = 1,
    .dsc = &pet_menu_font_16_dsc,
};

static LV_ATTRIBUTE_LARGE_CONST const uint8_t pet_menu_font_20_bitmap[] = {
    0x7f, 0x47, 0xf4, 0x7f, 0x47, 0xf4, 0x7f, 0x47, 0xf4, 0x7f, 0x47, 0xf4, 0x7f, 0x47, 0xf4, 0x00,
    0x00, 0x00, 0x48, 0x39, 0xf6, 0x1f, 0xc0, 0xfe, 0x1f, 0xc0, 0xfe, 0x0f, 0xb0, 0xec, 0x0d, 0x90,
    0xca, 0x0c, 0x70, 0xa8, 0x00, 0xf9, 0x0c, 0xc0, 0x00, 0x0f, 0x90, 0xcc, 0x00, 0x00, 0xf9, 0x0c,
    0xc0, 0x03, 0x8f, 0xc8, 0xee, 0x82, 0x6f, 0xff, 0xff, 0xff, 0x30, 0x0f, 0x90, 0xcc, 0x00, 0x00,
    0xf9, 0x0c, 0xc0, 0x00, 0x0f, 0x90, 0xcc, 0x00, 0x00, 0xf9, 0x0c, 0xc0, 0x06, 0xff, 0xff, 0xff,
    0xf3, 0x38, 0xfc, 0x8e, 0xe8, 0x20, 0x0f, 0x90, 0xcc, 0x00, 0x00, 0xf9, 0x0c, 0xc0, 0x00, 0x0f,
    0x90, 0xcc, 0x00, 0x00, 0x38, 0x20, 0x00, 0x07, 0xf4, 0x00, 0x01, 0x9f, 0xa8, 0x32, 0xdf, 0xff,
    0xf5, 0xaf, 0x60, 0x00, 0x0d, 0xd0, 0x00, 0x00, 0xdd, 0x00, 0x00, 0x0c, 0xe0, 0x00, 0x00, 0x6f,
    0xb7, 0x61, 0x00, 0x7d, 0xff, 0xd1, 0x00, 0x00, 0x6f, 0x70, 0x00, 0x01, 0xfa, 0x00, 0x00, 0x1f,
    0xa0, 0x00, 0x03, 0xf9, 0x48, 0x88, 0xef, 0x38, 0xff, 0xfc, 0x50, 0x00, 0x7f, 0x40, 0x00, 0x07,
    0xf3, 0x00, 0x06, 0xde, 0xb1, 0x00, 0x00, 0x01, 0xfb, 0x8e, 0x90, 0x00, 0x00, 0x4f, 0x30, 0xab,
    0x00, 0x00, 0x04, 0xf3, 0x0a, 0xb0, 0x00, 0x00, 0x1f, 0xb8, 0xe9, 0x00, 0x00, 0x00, 0x6d, 0xeb,
    0x10, 0x00, 0x22, 0x01, 0x35, 0x79, 0xbd, 0xff, 0x8a, 0xff, 0xec, 0xa8, 0x53, 0x10, 0x43, 0x10,
    0x04, 0xcf, 0xc3, 0x00, 0x00, 0x00, 0xdd, 0x8d, 0xc0, 0x00, 0x00, 0x1f, 0x60, 0x7e, 0x00, 0x00,
    0x01, 0xf6, 0x07, 0xe0, 0x00, 0x00, 0x0d, 0xd8, 0xdc, 0x00, 0x00, 0x00, 0x4d, 0xfc, 0x30, 0x02,
    0xae, 0xff, 0x60, 0x00, 0xcf, 0x98, 0x83, 0x00, 0x1f, 0xa0, 0x00, 0x00, 0x02, 0xf9, 0x00, 0x00,
    0x00, 0x0e, 0xd2, 0x00, 0x00, 0x00, 0x5f, 0xff, 0xff, 0xfe, 0x0d, 0xf9, 0x8a, 0xfa, 0x74, 0xf8,
    0x00, 0x4f, 0x50, 0x5f, 0x60, 0x04, 0xf5, 0x05, 0xf6, 0x00, 0x4f, 0x50, 0x5f, 0x60, 0x04, 0xf5,
    0x04, 0xf7, 0x00, 0x4f, 0x50, 0x1e, 0xe8, 0x8a, 0xf5, 0x00, 0x3b, 0xef, 0xff, 0x50, 0x8f, 0x58,
    0xf5, 0x7f, 0x45, 0xf2, 0x3f, 0x00, 0x00, 0xbe, 0x20, 0x7f, 0x40, 0x0e, 0xc0, 0x04, 0xf6, 0x00,
    0x7f, 0x30, 0x08, 0xf2, 0x00, 0x9f, 0x10, 0x09, 0xf1, 0x00, 0x9f, 0x10, 0x09, 0xf1, 0x00, 0x9f,
    0x10, 0x09, 0xf1, 0x00, 0x9f, 0x10, 0x08, 0xf2, 0x00, 0x7f, 0x30, 0x04, 0xf6, 0x00, 0x0e, 0xc0,
    0x00, 0x7f, 0x40, 0x00, 0xbe, 0x20, 0x3f, 0x80, 0x00, 0x7f, 0x40, 0x00, 0xeb, 0x00, 0x09, 0xf1,
    0x00, 0x6f, 0x40, 0x05, 0xf5, 0x00, 0x4f, 0x60, 0x04, 0xf6, 0x00, 0x4f, 0x60, 0x04, 0xf6, 0x00,
    0x4f, 0x60, 0x04, 0xf6, 0x00, 0x4f, 0x60, 0x05, 0xf5, 0x00, 0x6f, 0x40, 0x09, 0xf1, 0x00, 0xeb,
    0x00, 0x7f, 0x40, 0x3f, 0x80, 0x00, 0x00, 0x07, 0xf4, 0x00, 0x00, 0x00, 0x6f, 0x30, 0x00, 0x4d,
    0x76, 0xf3, 0x8d, 0x14, 0xbe, 0xff, 0xfe, 0xb3, 0x00, 0x2e, 0xfc, 0x00, 0x00, 0x1d, 0xd4, 0xf9,
    0x00, 0x09, 0xf4, 0x09, 0xf5, 0x00, 0x06, 0x00, 0x15, 0x00, 0x00, 0x06, 0xf3, 0x00, 0x00, 0x00,
    0x6f, 0x30, 0x00, 0x00, 0x06, 0xf3, 0x00, 0x03, 0x88, 0xbf, 0x98, 0x82, 0x6f, 0xff, 0xff, 0xff,
    0x30, 0x00, 0x6f, 0x30, 0x00, 0x00, 0x06, 0xf3, 0x00, 0x00, 0x00, 0x6f, 0x30, 0x00, 0x3f, 0xc3,
    0xfc, 0x5f, 0x99, 0xf3, 0xdc, 0x00, 0x68, 0x88, 0x88, 0x5d, 0xff, 0xff, 0xfa, 0x48, 0x39, 0xf6,
    0x00, 0x00, 0x00, 0x07, 0x50, 0x00, 0x00, 0x04, 0xf6, 0x00, 0x00, 0x00, 0xaf, 0x10, 0x00, 0x00,
    0x1f, 0xa0, 0x00, 0x00, 0x06, 0xf4, 0x00, 0x00, 0x00, 0xcd, 0x00, 0x00, 0x00, 0x3f, 0x70, 0x00,
    0x00, 0x09, 0xf2, 0x00, 0x00, 0x00, 0xeb, 0x00, 0x00, 0x00, 0x5f, 0x50, 0x00, 0x00, 0x0b, 0xe0,
    0x00, 0x00, 0x02, 0xf9, 0x00, 0x00, 0x00, 0x7f, 0x30, 0x00, 0x00, 0x0d, 0xc0, 0x00, 0x00, 0x04,
    0xf6, 0x00, 0x00, 0x00, 0xaf, 0x10, 0x00, 0x00, 0x1f, 0xa0, 0x00, 0x00, 0x06, 0xf4, 0x00, 0x00,
    0x00, 0xcd, 0x00, 0x00, 0x00, 0x00, 0x01, 0x9d, 0xfd, 0x70, 0x0a, 0xfa, 0x8c, 0xf7, 0x0f, 0xb0,
    0x00, 0xdc, 0x2f, 0x80, 0x02, 0xee, 0x2f, 0x80, 0x0b, 0xfe, 0x2f, 0x80, 0x7f, 0xee, 0x2f, 0x82,
    0xf9, 0xbe, 0x2f, 0x8c, 0xd1, 0xbe, 0x2f, 0xef, 0x40, 0xbe, 0x2f, 0xf9, 0x00, 0xbe, 0x2f, 0xd1,
    0x00, 0xbe, 0x0f, 0xa0, 0x00, 0xdc, 0x0a, 0xfa, 0x8c, 0xf7, 0x01, 0x9d, 0xfd, 0x70, 0x38, 0xef,
    0x80, 0x0e, 0xfc, 0xf8, 0x00, 0x61, 0x2f, 0x80, 0x00, 0x02, 0xf8, 0x00, 0x00, 0x2f, 0x80, 0x00,
    0x02, 0xf8, 0x00, 0x00, 0x2f, 0x80, 0x00, 0x02, 0xf8, 0x00, 0x00, 0x2f, 0x80, 0x00, 0x02, 0xf8,
    0x00, 0x00, 0x2f, 0x80, 0x00, 0x02, 0xf8, 0x00, 0x68, 0x9f, 0xc8, 0x6c, 0xff, 0xff, 0xfb, 0x8f,
    0xfd, 0x91, 0x04, 0x88, 0xaf, 0xc0, 0x00, 0x00, 0x9f, 0x20, 0x00, 0x07, 0xf4, 0x00, 0x00, 0x7f,
    0x40, 0x00, 0x08, 0xf3, 0x00, 0x01, 0xde, 0x00, 0x00, 0x9f, 0x60, 0x00, 0x4f, 0xb0, 0x00, 0x1e,
    0xe2, 0x00, 0x0a, 0xf5, 0x00, 0x06, 0xfa, 0x00, 0x00, 0xdf, 0x88, 0x88, 0x5e, 0xff, 0xff, 0xfb,
    0x9f, 0xfe, 0xa2, 0x04, 0x88, 0x9f, 0xc0, 0x00, 0x00, 0xaf, 0x10, 0x00, 0x08, 0xf3, 0x00, 0x00,
    0x9f, 0x20, 0x00, 0x2d, 0xe0, 0x0e, 0xff, 0xf6, 0x00, 0x78, 0x9e, 0xd1, 0x00, 0x00, 0x7f, 0x40,
    0x00, 0x05, 0xf6, 0x00, 0x00, 0x5f, 0x60, 0x00, 0x07, 0xf4, 0x48, 0x88, 0xee, 0x19, 0xff, 0xec,
    0x40, 0x00, 0x4f, 0x60, 0x00, 0x00, 0x07, 0xf3, 0x00, 0x00, 0x00, 0xae, 0x00, 0x00, 0x00, 0x0e,
    0xc0, 0x00, 0x00, 0x02, 0xf8, 0x00, 0x00, 0x00, 0x5f, 0x52, 0xf8, 0x00, 0x09, 0xf2, 0x2f, 0x80,
    0x00, 0xce, 0x02, 0xf8, 0x00, 0x1f, 0xb0, 0x2f, 0x80, 0x03, 0xf9, 0x24, 0xf9, 0x20, 0x4f, 0xff,
    0xff, 0xff, 0x11, 0x55, 0x56, 0xfb, 0x50, 0x00, 0x00, 0x2f, 0x80, 0x00, 0x00, 0x02, 0xf8, 0x00,
    0x6f, 0xff, 0xff, 0x16, 0xfa, 0x88, 0x81, 0x6f, 0x40, 0x00, 0x06, 0xf4, 0x00, 0x00, 0x6f, 0x40,
    0x00, 0x06, 0xfa, 0x74, 0x00, 0x6f, 0xff, 0xfa, 0x00, 0x00, 0x1b, 0xf3, 0x00, 0x00, 0x5f, 0x60,
    0x00, 0x05, 0xf6, 0x00, 0x00, 0x5f, 0x60, 0x00, 0x06, 0xf5, 0x58, 0x88, 0xee, 0x19, 0xff, 0xec,
    0x40, 0x01, 0x8d, 0xff, 0xf0, 0x09, 0xfb, 0x88, 0x80, 0x0e, 0xc0, 0x00, 0x00, 0x1f, 0xa0, 0x00,
    0x00, 0x1f, 0xa0, 0x00, 0x00, 0x1f, 0xff, 0xfd, 0x91, 0x1f, 0xc8, 0x8a, 0xf8, 0x1f, 0xa0, 0x00,
    0xcd, 0x1f, 0xa0, 0x00, 0xbe, 0x1f, 0xa0, 0x00, 0xbe, 0x1f, 0xa0, 0x00, 0xbe, 0x0e, 0xc0, 0x00,
    0xdc, 0x08, 0xfb, 0x8b, 0xf6, 0x01, 0x8d, 0xfd, 0x70, 0xef, 0xff, 0xff, 0x97, 0x88, 0x89, 0xf9,
    0x00, 0x00, 0x6f, 0x60, 0x00, 0x0a, 0xf2, 0x00, 0x00, 0xec, 0x00, 0x00, 0x4f, 0x80, 0x00, 0x08,
    0xf4, 0x00, 0x00, 0xce, 0x00, 0x00, 0x2f, 0xa0, 0x00, 0x06, 0xf6, 0x00, 0x00, 0xbf, 0x10, 0x00,
    0x0e, 0xc0, 0x00, 0x04, 0xf7, 0x00, 0x00, 0x9f, 0x30, 0x00, 0x01, 0x9e, 0xfd, 0x80, 0x00, 0xaf,
    0x98, 0xbf, 0x70, 0x0e, 0xc0, 0x00, 0xeb, 0x01, 0xfb, 0x00, 0x0e, 0xd0, 0x0f, 0xb0, 0x00, 0xec,
    0x00, 0xde, 0x30, 0x5f, 0x90, 0x04, 0xff, 0xff, 0xe2, 0x00, 0xcf, 0x98, 0xaf, 0x90, 0x3f, 0x80,
    0x00, 0xbf, 0x04, 0xf7, 0x00, 0x0a, 0xf1, 0x4f, 0x70, 0x00, 0xaf, 0x13, 0xf8, 0x00, 0x0b, 0xf0,
    0x0d, 0xe8, 0x89, 0xfb, 0x00, 0x3c, 0xef, 0xea, 0x20, 0x00, 0x8d, 0xfd, 0x70, 0x08, 0xfa, 0x8b,
    0xf6, 0x0e, 0xc0, 0x00, 0xdc, 0x1f, 0x90, 0x00, 0xce, 0x1f, 0x90, 0x00, 0xce, 0x1f, 0x90, 0x00,
    0xce, 0x0f, 0xb0, 0x00, 0xce, 0x0a, 0xf9, 0x88, 0xde, 0x01, 0xae, 0xff, 0xfe, 0x00, 0x00, 0x00,
    0xce, 0x00, 0x00, 0x00, 0xce, 0x00, 0x00, 0x00, 0xdc, 0x00, 0x78, 0x8c, 0xf7, 0x00, 0xef, 0xfd,
    0x70, 0x9f, 0x64, 0x83, 0x00, 0x00, 0x00, 0x00, 0x00, 0x00, 0x00, 0x00, 0x00, 0x48, 0x39, 0xf6,
    0x3f, 0xc2, 0x86, 0x00, 0x00, 0x00, 0x00, 0x00, 0x00, 0x00, 0x03, 0xfc, 0x3f, 0xc5, 0xf9, 0x9f,
    0x3d, 0xc0, 0x00, 0x00, 0x00, 0x01, 0x10, 0x00, 0x00, 0x17, 0xe3, 0x00, 0x01, 0x8e, 0xfd, 0x20,
    0x29, 0xff, 0xb5, 0x00, 0x5f, 0xf9, 0x30, 0x00, 0x06, 0xf9, 0x10, 0x00, 0x00, 0x3c, 0xff, 0x93,
    0x00, 0x00, 0x04, 0xbf, 0xfb, 0x40, 0x00, 0x00, 0x3a, 0xff, 0x30, 0x00, 0x00, 0x02, 0x93, 0x38,
    0x88, 0x88, 0x88, 0x26, 0xff, 0xff, 0xff, 0xf3, 0x00, 0x00, 0x00, 0x00, 0x00, 0x00, 0x00, 0x00,
    0x00, 0x38, 0x88, 0x88, 0x88, 0x26, 0xff, 0xff, 0xff, 0xf3, 0x10, 0x00, 0x00, 0x00, 0x06, 0xd6,
    0x00, 0x00, 0x00, 0x4e, 0xfd, 0x71, 0x00, 0x00, 0x06, 0xcf, 0xe8, 0x10, 0x00, 0x00, 0x4a, 0xfe,
    0x20, 0x00, 0x00, 0x2a, 0xf3, 0x00, 0x04, 0xaf, 0xfb, 0x10, 0x6c, 0xff, 0xa3, 0x00, 0x6f, 0xe9,
    0x20, 0x00, 0x05, 0x71, 0x00, 0x00, 0x00, 0x7f, 0xfe, 0xa2, 0x04, 0x88, 0x9f, 0xc0, 0x00, 0x00,
    0x9f, 0x10, 0x00, 0x08, 0xf3, 0x00, 0x00, 0x9f, 0x20, 0x00, 0x2e, 0xe0, 0x00, 0x1d, 0xf4, 0x00,
    0x0c, 0xf6, 0x00, 0x00, 0xfb, 0x00, 0x00, 0x0f, 0xb0, 0x00, 0x00, 0x43, 0x00, 0x00, 0x00, 0x00,
    0x00, 0x01, 0x86, 0x00, 0x00, 0x2f, 0xd0, 0x00, 0x05, 0xce, 0xff, 0xfe, 0xc3, 0x02, 0xfc, 0x88,
    0x88, 0x8d, 0xd0, 0x5f, 0x10, 0x00, 0x00, 0x4f, 0x26, 0xf0, 0x2c, 0xef, 0x93, 0xf3, 0x6f, 0x0b,
    0xe8, 0xd9, 0x3f, 0x36, 0xf0, 0xd7, 0x0c, 0x93, 0xf3, 0x6f, 0x0e, 0x70, 0xc9, 0x3f, 0x36, 0xf0,
    0xe7, 0x0c, 0x93, 0xf3, 0x6f, 0x0e, 0x70, 0xc9, 0x3f, 0x36, 0xf0, 0xd9, 0x1e, 0x93, 0xf3, 0x6f,
    0x0a, 0xff, 0xdd, 0xaf, 0x26, 0xf1, 0x16, 0x61, 0xce, 0x90, 0x3f, 0xb8, 0x88, 0x80, 0x00, 0x00,
    0x7d, 0xff, 0xff, 0x00, 0x00, 0x00, 0x00, 0xdf, 0xa0, 0x00, 0x00, 0x01, 0xfe, 0xe0, 0x00, 0x00,
    0x05, 0xf8, 0xf3, 0x00, 0x00, 0x08, 0xe2, 0xf6, 0x00, 0x00, 0x0c, 0xb0, 0xea, 0x00, 0x00, 0x1f,
    0x80, 0xbd, 0x00, 0x00, 0x4f, 0x50, 0x7f, 0x20, 0x00, 0x8f, 0x10, 0x4f, 0x50, 0x00, 0xcd, 0x00,
    0x1f, 0x90, 0x01, 0xff, 0xff, 0xff, 0xd0, 0x04, 0xfa, 0x88, 0x8c, 0xf1, 0x07, 0xf3, 0x00, 0x06,
    0xf5, 0x0b, 0xf0, 0x00, 0x03, 0xf8, 0x0e, 0xc0, 0x00, 0x00, 0xec, 0x4f, 0xff, 0xfd, 0x81, 0x04,
    0xfb, 0x88, 0xbf, 0x80, 0x4f, 0x70, 0x00, 0xec, 0x04, 0xf7, 0x00, 0x0d, 0xe0, 0x4f, 0x70, 0x00,
    0xdd, 0x04, 0xf7, 0x00, 0x4f, 0xa0, 0x4f, 0xff, 0xff, 0xf2, 0x04, 0xfb, 0x88, 0xaf, 0xa0, 0x4f,
    0x70, 0x00, 0xbf, 0x04, 0xf7, 0x00, 0x0a, 0xf1, 0x4f, 0x70, 0x00, 0xaf, 0x14, 0xf7, 0x00, 0x0b,
    0xf0, 0x4f, 0xb8, 0x89, 0xfb, 0x04, 0xff, 0xff, 0xeb, 0x20, 0x05, 0xce, 0xff, 0x95, 0xfd, 0x88,
    0x85, 0xaf, 0x10, 0x00, 0x0c, 0xe0, 0x00, 0x00, 0xce, 0x00, 0x00, 0x0c, 0xe0, 0x00, 0x00, 0xce,
    0x00, 0x00, 0x0c, 0xe0, 0x00, 0x00, 0xce, 0x00, 0x00, 0x0c, 0xe0, 0x00, 0x00, 0xce, 0x00, 0x00,
    0x0a, 0xf1, 0x00, 0x00, 0x5f, 0xd8, 0x88, 0x50, 0x6c, 0xef, 0xf9, 0x5f, 0xff, 0xfd, 0x91, 0x05,
    0xfa, 0x88, 0xaf, 0xb0, 0x5f, 0x60, 0x00, 0xaf, 0x15, 0xf6, 0x00, 0x09, 0xf2, 0x5f, 0x60, 0x00,
    0x9f, 0x25, 0xf6, 0x00, 0x09, 0xf2, 0x5f, 0x60, 0x00, 0x9f, 0x25, 0xf6, 0x00, 0x09, 0xf2, 0x5f,
    0x60, 0x00, 0x9f, 0x25, 0xf6, 0x00, 0x09, 0xf2, 0x5f, 0x60, 0x00, 0x9f, 0x25, 0xf6, 0x00, 0x0a,
    0xf1, 0x5f, 0xa8, 0x89, 0xfc, 0x05, 0xff, 0xff, 0xeb, 0x30, 0xef, 0xff, 0xff, 0xbe, 0xe8, 0x88,
    0x86, 0xec, 0x00, 0x00, 0x0e, 0xc0, 0x00, 0x00, 0xec, 0x00, 0x00, 0x0e, 0xc0, 0x00, 0x00, 0xef,
    0xff, 0xff, 0x4e, 0xe8, 0x88, 0x82, 0xec, 0x00, 0x00, 0x0e, 0xc0, 0x00, 0x00, 0xec, 0x00, 0x00,
    0x0e, 0xc0, 0x00, 0x00, 0xee, 0x88, 0x88, 0x6e, 0xff, 0xff, 0xfb, 0xdf, 0xff, 0xff, 0xcd, 0xe8,
    0x88, 0x86, 0xdd, 0x00, 0x00, 0x0d, 0xd0, 0x00, 0x00, 0xdd, 0x00, 0x00, 0x0d, 0xd0, 0x00, 0x00,
    0xdf, 0xff, 0xff, 0x4d, 0xe8, 0x88, 0x82, 0xdd, 0x00, 0x00, 0x0d, 0xd0, 0x00, 0x00, 0xdd, 0x00,
    0x00, 0x0d, 0xd0, 0x00, 0x00, 0xdd, 0x00, 0x00, 0x0d, 0xd0, 0x00, 0x00, 0x01, 0x8d, 0xff, 0xf4,
    0x09, 0xfb, 0x88, 0x82, 0x0f, 0xc0, 0x00, 0x00, 0x2f, 0x90, 0x00, 0x00, 0x2f, 0x90, 0x00, 0x00,
    0x2f, 0x90, 0x00, 0x00, 0x2f, 0x90, 0x48, 0x87, 0x2f, 0x90, 0x8f, 0xfe, 0x2f, 0x90, 0x00, 0xce,
    0x2f, 0x90, 0x00, 0xce, 0x2f, 0x90, 0x00, 0xce, 0x0f, 0xc0, 0x00, 0xce, 0x09, 0xfb, 0x88, 0xde,
    0x01, 0x8d, 0xff, 0xfe, 0x6f, 0x50, 0x00, 0x8f, 0x36, 0xf5, 0x00, 0x08, 0xf3, 0x6f, 0x50, 0x00,
    0x8f, 0x36, 0xf5, 0x00, 0x08, 0xf3, 0x6f, 0x50, 0x00, 0x8f, 0x36, 0xf5, 0x00, 0x08, 0xf3, 0x6f,
    0xff, 0xff, 0xff, 0x36, 0xfa, 0x88, 0x8c, 0xf3, 0x6f, 0x50, 0x00, 0x8f, 0x36, 0xf5, 0x00, 0x08,
    0xf3, 0x6f, 0x50, 0x00, 0x8f, 0x36, 0xf5, 0x00, 0x08, 0xf3, 0x6f, 0x50, 0x00, 0x8f, 0x36, 0xf5,
    0x00, 0x08, 0xf3, 0x4f, 0xff, 0xff, 0x12, 0x8b, 0xfa, 0x80, 0x00, 0x7f, 0x40, 0x00, 0x07, 0xf4,
    0x00, 0x00, 0x7f, 0x40, 0x00, 0x07, 0xf4, 0x00, 0x00, 0x7f, 0x40, 0x00, 0x07, 0xf4, 0x00, 0x00,
    0x7f, 0x40, 0x00, 0x07, 0xf4, 0x00, 0x00, 0x7f, 0x40, 0x00, 0x07, 0xf4, 0x00, 0x28, 0xbf, 0xa8,
    0x04, 0xff, 0xff, 0xf1, 0x0c, 0xff, 0xff, 0x30, 0x68, 0x8c, 0xf3, 0x00, 0x00, 0x8f, 0x30, 0x00,
    0x08, 0xf3, 0x00, 0x00, 0x8f, 0x30, 0x00, 0x08, 0xf3, 0x00, 0x00, 0x8f, 0x30, 0x00, 0x08, 0xf3,
    0x00, 0x00, 0x8f, 0x30, 0x00, 0x08, 0xf3, 0x00, 0x00, 0x8f, 0x30, 0x00, 0x0a, 0xf1, 0x48, 0x8a,
    0xfa, 0x08, 0xff, 0xd9, 0x10, 0x6f, 0x50, 0x03, 0xfb, 0x06, 0xf5, 0x00, 0xcf, 0x20, 0x6f, 0x50,
    0x6f, 0x80, 0x06, 0xf5, 0x1e, 0xd0, 0x00, 0x6f, 0x5a, 0xf4, 0x00, 0x06, 0xfa, 0xf9, 0x00, 0x00,
    0x6f, 0xff, 0x60, 0x00, 0x06, 0xff, 0xed, 0x00, 0x00, 0x6f, 0x97, 0xf6, 0x00, 0x06, 0xf5, 0x1e,
    0xe1, 0x00, 0x6f, 0x50, 0x7f, 0x70, 0x06, 0xf5, 0x01, 0xee, 0x10, 0x6f, 0x50, 0x07, 0xf8, 0x06,
    0xf5, 0x00, 0x1e, 0xe1, 0xbf, 0x10, 0x00, 0x0b, 0xf1, 0x00, 0x00, 0xbf, 0x10, 0x00, 0x0b, 0xf1,
    0x00, 0x00, 0xbf, 0x10, 0x00, 0x0b, 0xf1, 0x00, 0x00, 0xbf, 0x10, 0x00, 0x0b, 0xf1, 0x00, 0x00,
    0xbf, 0x10, 0x00, 0x0b, 0xf1, 0x00, 0x00, 0xbf, 0x10, 0x00, 0x0b, 0xf1, 0x00, 0x00, 0xbf, 0x88,
    0x88, 0x4b, 0xff, 0xff, 0xf8, 0xef, 0xe0, 0x01, 0xff, 0xce, 0xef, 0x30, 0x4f, 0xec, 0xeb, 0xf6,
    0x08, 0xec, 0xce, 0x9e, 0x90, 0xba, 0xcc, 0xe9, 0xad, 0x0e, 0x6c, 0xce, 0x96, 0xf4, 0xf2, 0xcc,
    0xe9, 0x2f, 0xbe, 0x0c, 0xce, 0x90, 0xef, 0xa0, 0xcc, 0xe9, 0x0a, 0xf6, 0x0c, 0xce, 0x90, 0x24,
    0x10, 0xcc, 0xe9, 0x00, 0x00, 0x0c, 0xce, 0x90, 0x00, 0x00, 0xcc, 0xe9, 0x00, 0x00, 0x0c, 0xce,
    0x90, 0x00, 0x00, 0xcc, 0x6f, 0xf8, 0x00, 0x6f, 0x36, 0xff, 0xc0, 0x06, 0xf3, 0x6f, 0xbf, 0x10,
    0x6f, 0x36, 0xf7, 0xf5, 0x06, 0xf3, 0x6f, 0x4f, 0x80, 0x6f, 0x36, 0xf3, 0xcc, 0x06, 0xf3, 0x6f,
    0x38, 0xf1, 0x6f, 0x36, 0xf3, 0x4f, 0x56, 0xf3, 0x6f, 0x31, 0xf8, 0x6f, 0x36, 0xf3, 0x0c, 0xc6,
    0xf3, 0x6f, 0x30, 0x8f, 0x7f, 0x36, 0xf3, 0x04, 0xfb, 0xf3, 0x6f, 0x30, 0x1f, 0xff, 0x36, 0xf3,
    0x00, 0xcf, 0xf3, 0x03, 0xbe, 0xfe, 0xa2, 0x02, 0xee, 0x88, 0x9f, 0xd1, 0x7f, 0x40, 0x00, 0x7f,
    0x49, 0xf2, 0x00, 0x05, 0xf6, 0x9f, 0x20, 0x00, 0x5f, 0x69, 0xf2, 0x00, 0x05, 0xf6, 0x9f, 0x20,
    0x00, 0x5f, 0x69, 0xf2, 0x00, 0x05, 0xf6, 0x9f, 0x20, 0x00, 0x5f, 0x69, 0xf2, 0x00, 0x05, 0xf6,
    0x9f, 0x20, 0x00, 0x5f, 0x67, 0xf4, 0x00, 0x07, 0xf4, 0x2e, 0xe8, 0x89, 0xfd, 0x10, 0x4b, 0xef,
    0xea, 0x20, 0x3f, 0xff, 0xfd, 0x91, 0x03, 0xfc, 0x88, 0xaf, 0xa0, 0x3f, 0x80, 0x00, 0xce, 0x03,
    0xf8, 0x00, 0x0b, 0xf0, 0x3f, 0x80, 0x00, 0xbf, 0x03, 0xf8, 0x00, 0x0b, 0xf0, 0x3f, 0x80, 0x02,
    0xec, 0x03, 0xff, 0xff, 0xff, 0x40, 0x3f, 0xc8, 0x76, 0x20, 0x03, 0xf8, 0x00, 0x00, 0x00, 0x3f,
    0x80, 0x00, 0x00, 0x03, 0xf8, 0x00, 0x00, 0x00, 0x3f, 0x80, 0x00, 0x00, 0x03, 0xf8, 0x00, 0x00,
    0x00, 0x03, 0xbe, 0xfe, 0xa2, 0x00, 0x2e, 0xe8, 0x89, 0xfd, 0x10, 0x7f, 0x40, 0x00, 0x7f, 0x40,
    0x9f, 0x20, 0x00, 0x5f, 0x60, 0x9f, 0x20, 0x00, 0x5f, 0x60, 0x9f, 0x20, 0x00, 0x5f, 0x60, 0x9f,
    0x20, 0x00, 0x5f, 0x60, 0x9f, 0x20, 0x00, 0x5f, 0x60, 0x9f, 0x20, 0x00, 0x5f, 0x60, 0x9f, 0x20,
    0x00, 0x5f, 0x60, 0x9f, 0x20, 0x00, 0x5f, 0x60, 0x7f, 0x40, 0x00, 0x7f, 0x40, 0x2e, 0xe8, 0x89,
    0xff, 0x10, 0x04, 0xbe, 0xfe, 0xbf, 0xc1, 0x00, 0x00, 0x00, 0x06, 0xd1, 0x00, 0x00, 0x00, 0x00,
    0x10, 0x9f, 0xff, 0xec, 0x50, 0x09, 0xf9, 0x88, 0xdf, 0x30, 0x9f, 0x20, 0x03, 0xf8, 0x09, 0xf2,
    0x00, 0x2f, 0x90, 0x9f, 0x20, 0x02, 0xf9, 0x09, 0xf2, 0x00, 0x3f, 0x80, 0x9f, 0x98, 0x8d, 0xf3,
    0x09, 0xff, 0xff, 0xe4, 0x00, 0x9f, 0x20, 0xaf, 0x30, 0x09, 0xf2, 0x04, 0xf9, 0x00, 0x9f, 0x20,
    0x0c, 0xe1, 0x09, 0xf2, 0x00, 0x6f, 0x70, 0x9f, 0x20, 0x01, 0xed, 0x09, 0xf2, 0x00, 0x08, 0xf5,
    0x07, 0xdf, 0xff, 0x78, 0xfc, 0x88, 0x83, 0xdd, 0x00, 0x00, 0x0f, 0xb0, 0x00, 0x00, 0xeb, 0x00,
    0x00, 0x0b, 0xe3, 0x00, 0x00, 0x3e, 0xff, 0xd7, 0x00, 0x26, 0x8b, 0xf6, 0x00, 0x00, 0x1f, 0xa0,
    0x00, 0x00, 0xec, 0x00, 0x00, 0x0e, 0xc0, 0x00, 0x02, 0xfa, 0x58, 0x88, 0xdf, 0x4a, 0xff, 0xec,
    0x50, 0xaf, 0xff, 0xff, 0xff, 0x75, 0x88, 0xbf, 0xa8, 0x83, 0x00, 0x07, 0xf4, 0x00, 0x00, 0x00,
    0x7f, 0x40, 0x00, 0x00, 0x07, 0xf4, 0x00, 0x00, 0x00, 0x7f, 0x40, 0x00, 0x00, 0x07, 0xf4, 0x00,
    0x00, 0x00, 0x7f, 0x40, 0x00, 0x00, 0x07, 0xf4, 0x00, 0x00, 0x00, 0x7f, 0x40, 0x00, 0x00, 0x07,
    0xf4, 0x00, 0x00, 0x00, 0x7f, 0x40, 0x00, 0x00, 0x07, 0xf4, 0x00, 0x00, 0x00, 0x7f, 0x40, 0x00,
    0x7f, 0x40, 0x00, 0x8f, 0x47, 0xf4, 0x00, 0x08, 0xf4, 0x7f, 0x40, 0x00, 0x8f, 0x47, 0xf4, 0x00,
    0x08, 0xf4, 0x7f, 0x40, 0x00, 0x8f, 0x47, 0xf4, 0x00, 0x08, 0xf4, 0x7f, 0x40, 0x00, 0x8f, 0x47,
    0xf4, 0x00, 0x08, 0xf4, 0x7f, 0x40, 0x00, 0x8f, 0x47, 0xf4, 0x00, 0x08, 0xf4, 0x7f, 0x40, 0x00,
    0x8f, 0x35, 0xf6, 0x00, 0x0a, 0xf1, 0x1d, 0xe9, 0x8a, 0xfb, 0x00, 0x3a, 0xef, 0xd9, 0x10, 0xce,
    0x00, 0x00, 0x4f, 0x78, 0xf3, 0x00, 0x07, 0xf4, 0x5f, 0x50, 0x00, 0xaf, 0x12, 0xf8, 0x00, 0x0d,
    0xc0, 0x0e, 0xb0, 0x01, 0xf9, 0x00, 0xbe, 0x00, 0x5f, 0x50, 0x08, 0xf2, 0x08, 0xf2, 0x00, 0x5f,
    0x50, 0xbd, 0x00, 0x01, 0xf8, 0x0e, 0xa0, 0x00, 0x0d, 0xb2, 0xf7, 0x00, 0x00, 0xae, 0x5f, 0x30,
    0x00, 0x07, 0xfb, 0xf0, 0x00, 0x00, 0x4f, 0xfc, 0x00, 0x00, 0x01, 0xff, 0x80, 0x00, 0xe8, 0x00,
    0x00, 0x0b, 0xae, 0x90, 0x00, 0x00, 0xb9, 0xd9, 0x00, 0x00, 0x0c, 0x9c, 0xa0, 0x00, 0x00, 0xd8,
    0xcb, 0x00, 0x00, 0x0e, 0x7b, 0xb0, 0x01, 0x00, 0xe6, 0xac, 0x06, 0xf2, 0x0f, 0x69, 0xd0, 0xaf,
    0x61, 0xf5, 0x9e, 0x0d, 0xea, 0x2f, 0x48, 0xe2, 0xf7, 0xe2, 0xf4, 0x7f, 0x6d, 0x3f, 0x6f, 0x36,
    0xfa, 0xa0, 0xfa, 0xf2, 0x6f, 0xe6, 0x0c, 0xef, 0x15, 0xff, 0x30, 0x9f, 0xf1, 0x6f, 0x70, 0x00,
    0x8f, 0x51, 0xee, 0x00, 0x1e, 0xd0, 0x07, 0xf6, 0x07, 0xf6, 0x00, 0x1e, 0xd1, 0xed, 0x00, 0x00,
    0x8f, 0xbf, 0x60, 0x00, 0x02, 0xff, 0xe0, 0x00, 0x00, 0x0a, 0xf7, 0x00, 0x00, 0x00, 0xdf, 0xb0,
    0x00, 0x00, 0x5f, 0xff, 0x30, 0x00, 0x0c, 0xf5, 0xfa, 0x00, 0x05, 0xf9, 0x0c, 0xf2, 0x00, 0xcf,
    0x20, 0x5f, 0x90, 0x4f, 0x90, 0x00, 0xdf, 0x1b, 0xf2, 0x00, 0x06, 0xf8, 0x0d, 0xe1, 0x00, 0x02,
    0xfa, 0x06, 0xf7, 0x00, 0x09, 0xf3, 0x00, 0xee, 0x00, 0x1f, 0xa0, 0x00, 0x7f, 0x60, 0x8f, 0x30,
    0x00, 0x1e, 0xd1, 0xeb, 0x00, 0x00, 0x08, 0xfb, 0xf4, 0x00, 0x00, 0x01, 0xef, 0xb0, 0x00, 0x00,
    0x00, 0x9f, 0x50, 0x00, 0x00, 0x00, 0x8f, 0x40, 0x00, 0x00, 0x00, 0x8f, 0x40, 0x00, 0x00, 0x00,
    0x8f, 0x40, 0x00, 0x00, 0x00, 0x8f, 0x40, 0x00, 0x00, 0x00, 0x8f, 0x40, 0x00, 0x00, 0x00, 0x8f,
    0x40, 0x00, 0x0c, 0xff, 0xff, 0xff, 0x00, 0x68, 0x88, 0x8e, 0xf0, 0x00, 0x00, 0x04, 0xfb, 0x00,
    0x00, 0x00, 0xcf, 0x30, 0x00, 0x00, 0x5f, 0xa0, 0x00, 0x00, 0x0c, 0xf3, 0x00, 0x00, 0x05, 0xfa,
    0x00, 0x00, 0x00, 0xdf, 0x20, 0x00, 0x00, 0x5f, 0x90, 0x00, 0x00, 0x0d, 0xf2, 0x00, 0x00, 0x06,
    0xf9, 0x00, 0x00, 0x00, 0xdf, 0x20, 0x00, 0x00, 0x4f, 0xd8, 0x88, 0x86, 0x04, 0xff, 0xff, 0xff,
    0xc0, 0xbf, 0xff, 0x8b, 0xe8, 0x84, 0xbe, 0x00, 0x0b, 0xe0, 0x00, 0xbe, 0x00, 0x0b, 0xe0, 0x00,
    0xbe, 0x00, 0x0b, 0xe0, 0x00, 0xbe, 0x00, 0x0b, 0xe0, 0x00, 0xbe, 0x00, 0x0b, 0xe0, 0x00, 0xbe,
    0x00, 0x0b, 0xe0, 0x00, 0xbe, 0x00, 0x0b, 0xe0, 0x00, 0xbe, 0x00, 0x0b, 0xe8, 0x84, 0xbf, 0xff,
    0x80, 0x76, 0x00, 0x00, 0x00, 0x09, 0xf1, 0x00, 0x00, 0x00, 0x3f, 0x70, 0x00, 0x00, 0x00, 0xdd,
    0x00, 0x00, 0x00, 0x07, 0xf3, 0x00, 0x00, 0x00, 0x1f, 0x90, 0x00, 0x00, 0x00, 0xae, 0x10, 0x00,
    0x00, 0x05, 0xf6, 0x00, 0x00, 0x00, 0x0e, 0xb0, 0x00, 0x00, 0x00, 0x8f, 0x20, 0x00, 0x00, 0x02,
    0xf8, 0x00, 0x00, 0x00, 0x0c, 0xd0, 0x00, 0x00, 0x00, 0x6f, 0x40, 0x00, 0x00, 0x01, 0xea, 0x00,
    0x00, 0x00, 0x09, 0xf1, 0x00, 0x00, 0x00, 0x3f, 0x70, 0x00, 0x00, 0x00, 0xdd, 0x00, 0x00, 0x00,
    0x07, 0xf3, 0x00, 0x00, 0x00, 0x1f, 0x90, 0xbf, 0xff, 0x85, 0x88, 0xf8, 0x00, 0x1f, 0x80, 0x01,
    0xf8, 0x00, 0x1f, 0x80, 0x01, 0xf8, 0x00, 0x1f, 0x80, 0x01, 0xf8, 0x00, 0x1f, 0x80, 0x01, 0xf8,
    0x00, 0x1f, 0x80, 0x01, 0xf8, 0x00, 0x1f, 0x80, 0x01, 0xf8, 0x00, 0x1f, 0x80, 0x01, 0xf8, 0x00,
    0x1f, 0x85, 0x88, 0xf8, 0xbf, 0xff, 0x80, 0x00, 0x0d, 0xfc, 0x00, 0x00, 0x05, 0xfc, 0xf3, 0x00,
    0x00, 0xbe, 0x2f, 0x90, 0x00, 0x2f, 0x90, 0xbe, 0x00, 0x08, 0xf3, 0x06, 0xf5, 0x00, 0xec, 0x00,
    0x1e, 0xb0, 0x6f, 0x60, 0x00, 0xaf, 0x20, 0x58, 0x88, 0x88, 0x88, 0x88, 0x3a, 0xff, 0xff, 0xff,
    0xff, 0xf7, 0x4f, 0xb0, 0x00, 0x4f, 0x90, 0x00, 0x47, 0x20, 0x0d, 0xff, 0xec, 0x40, 0x00, 0x68,
    0x88, 0xee, 0x20, 0x00, 0x00, 0x05, 0xf5, 0x00, 0x00, 0x00, 0x4f, 0x70, 0x08, 0xdf, 0xff, 0xf7,
    0x05, 0xfc, 0x88, 0xaf, 0x70, 0x9f, 0x10, 0x04, 0xf7, 0x09, 0xf1, 0x00, 0x4f, 0x70, 0x7f, 0xa8,
    0x8b, 0xfc, 0x31, 0xae, 0xff, 0xda, 0xf7, 0x4f, 0x70, 0x00, 0x00, 0x04, 0xf7, 0x00, 0x00, 0x00,
    0x4f, 0x70, 0x00, 0x00, 0x04, 0xf7, 0x00, 0x00, 0x00, 0x4f, 0xde, 0xfd, 0xa1, 0x04, 0xfe, 0x88,
    0xaf, 0xa0, 0x4f, 0x70, 0x00, 0xbe, 0x04, 0xf7, 0x00, 0x0a, 0xf1, 0x4f, 0x70, 0x00, 0xaf, 0x14,
    0xf7, 0x00, 0x0a, 0xf1, 0x4f, 0x70, 0x00, 0xaf, 0x14, 0xf7, 0x00, 0x0b, 0xe0, 0x4f, 0xb8, 0x8a,
    0xfa, 0x04, 0xff, 0xff, 0xea, 0x10, 0x05, 0xce, 0xff, 0x63, 0xfd, 0x88, 0x83, 0x7f, 0x20, 0x00,
    0x09, 0xf1, 0x00, 0x00, 0x9f, 0x10, 0x00, 0x09, 0xf1, 0x00, 0x00, 0x9f, 0x10, 0x00, 0x07, 0xf2,
    0x00, 0x00, 0x3f, 0xd8, 0x88, 0x30, 0x6c, 0xef, 0xf6, 0x00, 0x00, 0x00, 0x9f, 0x10, 0x00, 0x00,
    0x09, 0xf1, 0x00, 0x00, 0x00, 0x9f, 0x10, 0x00, 0x00, 0x09, 0xf1, 0x03, 0xbe, 0xff, 0xff, 0x11,
    0xde, 0x88, 0x8c, 0xf1, 0x3f, 0x70, 0x00, 0x9f, 0x15, 0xf6, 0x00, 0x09, 0xf1, 0x5f, 0x60, 0x00,
    0x9f, 0x15, 0xf6, 0x00, 0x09, 0xf1, 0x5f, 0x60, 0x00, 0x9f, 0x13, 0xf7, 0x00, 0x0a, 0xf1, 0x1e,
    0xe8, 0x89, 0xff, 0x10, 0x3b, 0xef, 0xed, 0xf1, 0x02, 0xbe, 0xfe, 0xa1, 0x0c, 0xe8, 0x8a, 0xf9,
    0x1f, 0x90, 0x00, 0xcd, 0x2f, 0x90, 0x00, 0xce, 0x2f, 0xff, 0xff, 0xfe, 0x2f, 0xc8, 0x88, 0x87,
    0x2f, 0x90, 0x00, 0x00, 0x0f, 0xa0, 0x00, 0x00, 0x0b, 0xf9, 0x88, 0x82, 0x02, 0xae, 0xff, 0xf4,
    0x00, 0x08, 0xef, 0xfc, 0x00, 0x3f, 0xc8, 0x86, 0x00, 0x5f, 0x60, 0x00, 0x00, 0x5f, 0x60, 0x00,
    0x0f, 0xff, 0xff, 0xf9, 0x08, 0xaf, 0xa8, 0x84, 0x00, 0x5f, 0x60, 0x00, 0x00, 0x5f, 0x60, 0x00,
    0x00, 0x5f, 0x60, 0x00, 0x00, 0x5f, 0x60, 0x00, 0x00, 0x5f, 0x60, 0x00, 0x00, 0x5f, 0x60, 0x00,
    0x08, 0xaf, 0xa8, 0x60, 0x0f, 0xff, 0xff, 0xc0, 0x06, 0xce, 0xff, 0xff, 0x13, 0xfd, 0x88, 0x8c,
    0xf1, 0x7f, 0x30, 0x00, 0xaf, 0x18, 0xf2, 0x00, 0x0a, 0xf0, 0x6f, 0x70, 0x02, 0xdd, 0x01, 0xdf,
    0xff, 0xff, 0x50, 0x04, 0xfb, 0x86, 0x20, 0x00, 0x4f, 0xb8, 0x74, 0x00, 0x04, 0xff, 0xff, 0xfb,
    0x00, 0x00, 0x00, 0x19, 0xf3, 0x00, 0x00, 0x00, 0x6f, 0x51, 0x88, 0x88, 0x8d, 0xf2, 0x2f, 0xff,
    0xfe, 0xc4, 0x00, 0x4f, 0x70, 0x00, 0x00, 0x04, 0xf7, 0x00, 0x00, 0x00, 0x4f, 0x70, 0x00, 0x00,
    0x04, 0xf7, 0x00, 0x00, 0x00, 0x4f, 0xde, 0xfe, 0xa1, 0x04, 0xfe, 0x88, 0x9f, 0xa0, 0x4f, 0x70,
    0x00, 0xbe, 0x04, 0xf7, 0x00, 0x0a, 0xf1, 0x4f, 0x70, 0x00, 0xaf, 0x14, 0xf7, 0x00, 0x0a, 0xf1,
    0x4f, 0x70, 0x00, 0xaf, 0x14, 0xf7, 0x00, 0x0a, 0xf1, 0x4f, 0x70, 0x00, 0xaf, 0x14, 0xf7, 0x00,
    0x0a, 0xf1, 0x00, 0x08, 0xf5, 0x00, 0x00, 0x00, 0x48, 0x30, 0x00, 0x00, 0x00, 0x00, 0x00, 0x00,
    0x00, 0x00, 0x00, 0x00, 0x6f, 0xff, 0xf4, 0x00, 0x03, 0x88, 0xbf, 0x40, 0x00, 0x00, 0x07, 0xf4,
    0x00, 0x00, 0x00, 0x7f, 0x40, 0x00, 0x00, 0x07, 0xf4, 0x00, 0x00, 0x00, 0x7f, 0x40, 0x00, 0x00,
    0x07, 0xf4, 0x00, 0x00, 0x00, 0x7f, 0x40, 0x00, 0x00, 0x07, 0xf9, 0x88, 0x20, 0x00, 0x7f, 0xff,
    0xf3, 0x00, 0x00, 0xdf, 0x10, 0x00, 0x06, 0x80, 0x00, 0x00, 0x00, 0x00, 0x00, 0x00, 0x00, 0x0a,
    0xff, 0xfe, 0x00, 0x58, 0x8d, 0xe0, 0x00, 0x00, 0xbe, 0x00, 0x00, 0x0b, 0xe0, 0x00, 0x00, 0xbe,
    0x00, 0x00, 0x0b, 0xe0, 0x00, 0x00, 0xbe, 0x00, 0x00, 0x0b, 0xe0, 0x00, 0x00, 0xbe, 0x00, 0x00,
    0x0b, 0xe0, 0x00, 0x00, 0xbe, 0x02, 0x88, 0x8e, 0xd0, 0x4f, 0xff, 0xd4, 0x00, 0x1f, 0x90, 0x00,
    0x00, 0x01, 0xf9, 0x00, 0x00, 0x00, 0x1f, 0x90, 0x00, 0x00, 0x01, 0xf9, 0x00, 0x00, 0x00, 0x1f,
    0x90, 0x0a, 0xf7, 0x01, 0xf9, 0x08, 0xf9, 0x00, 0x1f, 0x97, 0xfa, 0x00, 0x01, 0xfd, 0xfc, 0x10,
    0x00, 0x1f, 0xff, 0xb0, 0x00, 0x01, 0xfc, 0xaf, 0x60, 0x00, 0x1f, 0x91, 0xee, 0x10, 0x01, 0xf9,
    0x06, 0xf9, 0x00, 0x1f, 0x90, 0x0c, 0xf4, 0x01, 0xf9, 0x00, 0x3f, 0xd0, 0x9f, 0xff, 0xf1, 0x00,
    0x04, 0x88, 0xcf, 0x10, 0x00, 0x00, 0x0a, 0xf1, 0x00, 0x00, 0x00, 0xaf, 0x10, 0x00, 0x00, 0x0a,
    0xf1, 0x00, 0x00, 0x00, 0xaf, 0x10, 0x00, 0x00, 0x0a, 0xf1, 0x00, 0x00, 0x00, 0xaf, 0x10, 0x00,
    0x00, 0x0a, 0xf1, 0x00, 0x00, 0x00, 0xaf, 0x10, 0x00, 0x00, 0x0a, 0xf1, 0x00, 0x00, 0x00, 0xaf,
    0x10, 0x00, 0x00, 0x09, 0xf9, 0x88, 0x30, 0x00, 0x3d, 0xff, 0xf6, 0x2f, 0xce, 0xd5, 0xbe, 0xc3,
    0x2f, 0xe8, 0xdf, 0xc8, 0xeb, 0x2f, 0x80, 0x7f, 0x40, 0xae, 0x2f, 0x70, 0x6f, 0x30, 0xae, 0x2f,
    0x70, 0x6f, 0x30, 0xae, 0x2f, 0x70, 0x6f, 0x30, 0xae, 0x2f, 0x70, 0x6f, 0x30, 0xae, 0x2f, 0x70,
    0x6f, 0x30, 0xae, 0x2f, 0x70, 0x6f, 0x30, 0xae, 0x2f, 0x70, 0x6f, 0x30, 0xae, 0x4f, 0xce, 0xfe,
    0xa1, 0x04, 0xfe, 0x88, 0x9f, 0xa0, 0x4f, 0x70, 0x00, 0xbe, 0x04, 0xf7, 0x00, 0x0a, 0xf1, 0x4f,
    0x70, 0x00, 0xaf, 0x14, 0xf7, 0x00, 0x0a, 0xf1, 0x4f, 0x70, 0x00, 0xaf, 0x14, 0xf7, 0x00, 0x0a,
    0xf1, 0x4f, 0x70, 0x00, 0xaf, 0x14, 0xf7, 0x00, 0x0a, 0xf1, 0x03, 0xbe, 0xfe, 0xa2, 0x01, 0xee,
    0x88, 0x9f, 0xb0, 0x4f, 0x60, 0x00, 0xaf, 0x05, 0xf5, 0x00, 0x09, 0xf2, 0x5f, 0x50, 0x00, 0x9f,
    0x25, 0xf5, 0x00, 0x09, 0xf2, 0x5f, 0x50, 0x00, 0x9f, 0x24, 0xf6, 0x00, 0x0a, 0xf0, 0x1e, 0xe8,
    0x89, 0xfb, 0x00, 0x3b, 0xef, 0xea, 0x20, 0x4f, 0xce, 0xfd, 0xa1, 0x04, 0xfe, 0x88, 0xaf, 0xa0,
    0x4f, 0x70, 0x00, 0xbe, 0x04, 0xf7, 0x00, 0x0a, 0xf1, 0x4f, 0x70, 0x00, 0xaf, 0x14, 0xf7, 0x00,
    0x0a, 0xf1, 0x4f, 0x70, 0x00, 0xaf, 0x14, 0xf7, 0x00, 0x0b, 0xe0, 0x4f, 0xb8, 0x8a, 0xfa, 0x04,
    0xff, 0xff, 0xea, 0x10, 0x4f, 0x70, 0x00, 0x00, 0x04, 0xf7, 0x00, 0x00, 0x00, 0x4f, 0x70, 0x00,
    0x00, 0x00, 0x03, 0xbe, 0xff, 0xff, 0x11, 0xde, 0x88, 0x8c, 0xf1, 0x3f, 0x70, 0x00, 0x9f, 0x15,
    0xf6, 0x00, 0x09, 0xf1, 0x5f, 0x60, 0x00, 0x9f, 0x15, 0xf6, 0x00, 0x09, 0xf1, 0x5f, 0x60, 0x00,
    0x9f, 0x13, 0xf7, 0x00, 0x0a, 0xf1, 0x1e, 0xe8, 0x89, 0xff, 0x10, 0x3b, 0xef, 0xed, 0xf1, 0x00,
    0x00, 0x00, 0x9f, 0x10, 0x00, 0x00, 0x09, 0xf1, 0x00, 0x00, 0x00, 0x9f, 0x10, 0xff, 0xfb, 0xff,
    0xb8, 0xcf, 0xd8, 0x85, 0x08, 0xf4, 0x00, 0x00, 0x8f, 0x20, 0x00, 0x08, 0xf2, 0x00, 0x00, 0x8f,
    0x20, 0x00, 0x08, 0xf2, 0x00, 0x00, 0x8f, 0x20, 0x00, 0x8c, 0xf9, 0x83, 0x0f, 0xff, 0xff, 0x50,
    0x09, 0xef, 0xff, 0x17, 0xfb, 0x88, 0x80, 0x9f, 0x10, 0x00, 0x09, 0xf4, 0x00, 0x00, 0x3f, 0xff,
    0xd7, 0x00, 0x26, 0x8c, 0xf3, 0x00, 0x00, 0x4f, 0x60, 0x00, 0x04, 0xf6, 0x48, 0x88, 0xcf, 0x38,
    0xff, 0xfd, 0x60, 0x00, 0x76, 0x00, 0x00, 0x0e, 0xb0, 0x00, 0x00, 0xeb, 0x00, 0x0d, 0xff, 0xff,
    0xfa, 0x68, 0xfd, 0x88, 0x50, 0x0e, 0xb0, 0x00, 0x00, 0xeb, 0x00, 0x00, 0x0e, 0xb0, 0x00, 0x00,
    0xeb, 0x00, 0x00, 0x0e, 0xb0, 0x00, 0x00, 0xeb, 0x00, 0x00, 0x0c, 0xf8, 0x85, 0x00, 0x4d, 0xff,
    0xa0, 0x2f, 0x80, 0x00, 0xce, 0x2f, 0x80, 0x00, 0xce, 0x2f, 0x80, 0x00, 0xce, 0x2f, 0x80, 0x00,
    0xce, 0x2f, 0x80, 0x00, 0xce, 0x2f, 0x80, 0x00, 0xce, 0x2f, 0x80, 0x00, 0xce, 0x1f, 0x90, 0x00,
    0xce, 0x0c, 0xf9, 0x8a, 0xfe, 0x02, 0xbe, 0xfd, 0xde, 0x9f, 0x40, 0x00, 0x6f, 0x64, 0xf8, 0x00,
    0x0a, 0xf1, 0x0e, 0xc0, 0x00, 0xec, 0x00, 0xbf, 0x10, 0x3f, 0x80, 0x06, 0xf5, 0x07, 0xf3, 0x00,
    0x2f, 0x90, 0xbe, 0x00, 0x00, 0xdd, 0x0e, 0xa0, 0x00, 0x08, 0xf6, 0xf5, 0x00, 0x00, 0x4f, 0xdf,
    0x10, 0x00, 0x00, 0xef, 0xc0, 0x00, 0x3f, 0x70, 0x00, 0x00, 0x9f, 0x01, 0xf9, 0x00, 0x31, 0x0b,
    0xc0, 0x0d, 0xb0, 0x4f, 0x40, 0xda, 0x00, 0xae, 0x08, 0xf7, 0x0f, 0x70, 0x07, 0xf1, 0xbf, 0xa2,
    0xf4, 0x00, 0x5f, 0x3e, 0xcd, 0x4f, 0x20, 0x02, 0xf7, 0xf6, 0xf8, 0xe0, 0x00, 0x0e, 0xdd, 0x1f,
    0xdb, 0x00, 0x00, 0xcf, 0xa0, 0xdf, 0x90, 0x00, 0x09, 0xf7, 0x0a, 0xf6, 0x00, 0x3f, 0xc0, 0x01,
    0xdd, 0x10, 0x9f, 0x50, 0x8f, 0x40, 0x01, 0xed, 0x2e, 0xa0, 0x00, 0x06, 0xfe, 0xe2, 0x00, 0x00,
    0x0c, 0xf7, 0x00, 0x00, 0x01, 0xef, 0xb0, 0x00, 0x00, 0x9f, 0xaf, 0x50, 0x00, 0x3f, 0xa0, 0xde,
    0x10, 0x0c, 0xe2, 0x05, 0xf9, 0x06, 0xf7, 0x00, 0x0c, 0xf3, 0x9f, 0x40, 0x00, 0x5f, 0x64, 0xf8,
    0x00, 0x09, 0xf1, 0x0e, 0xd0, 0x00, 0xdc, 0x00, 0x9f, 0x20, 0x2f, 0x80, 0x04, 0xf7, 0x06, 0xf3,
    0x00, 0x0e, 0xb0, 0xae, 0x00, 0x00, 0x9f, 0x1e, 0xa0, 0x00, 0x04, 0xf8, 0xf5, 0x00, 0x00, 0x0e,
    0xef, 0x10, 0x00, 0x00, 0x9f, 0xc0, 0x00, 0x00, 0x03, 0xf7, 0x00, 0x00, 0x28, 0xcf, 0x20, 0x00,
    0x04, 0xfe, 0x70, 0x00, 0x00, 0x7f, 0xff, 0xff, 0xa4, 0x88, 0x8a, 0xfa, 0x00, 0x01, 0xdf, 0x40,
    0x00, 0x8f, 0x80, 0x00, 0x4f, 0xc0, 0x00, 0x1d, 0xf3, 0x00, 0x09, 0xf7, 0x00, 0x04, 0xfb, 0x00,
    0x00, 0xcf, 0x98, 0x88, 0x4d, 0xff, 0xff, 0xf7, 0x00, 0x2c, 0xfd, 0x00, 0x8f, 0x96, 0x00, 0x9e,
    0x00, 0x00, 0xae, 0x00, 0x00, 0xae, 0x00, 0x00, 0xae, 0x00, 0x00, 0xae, 0x00, 0x00, 0xae, 0x00,
    0x04, 0xdb, 0x00, 0x1f, 0xd2, 0x00, 0x1f, 0xe4, 0x00, 0x01, 0xcc, 0x00, 0x00, 0xae, 0x00, 0x00,
    0xae, 0x00, 0x00, 0xae, 0x00, 0x00, 0xae, 0x00, 0x00, 0xae, 0x00, 0x00, 0x8f, 0x96, 0x00, 0x2c,
    0xfd, 0x38, 0x26, 0xf3, 0x6f, 0x36, 0xf3, 0x6f, 0x36, 0xf3, 0x6f, 0x36, 0xf3, 0x6f, 0x36, 0xf3,
    0x6f, 0x36, 0xf3, 0x6f, 0x36, 0xf3, 0x6f, 0x36, 0xf3, 0x6f, 0x36, 0xf3, 0x6f, 0x30, 0x1f, 0xea,
    0x00, 0x08, 0xaf, 0x40, 0x00, 0x2f, 0x60, 0x00, 0x2f, 0x60, 0x00, 0x2f, 0x60, 0x00, 0x2f, 0x60,
    0x00, 0x2f, 0x60, 0x00, 0x2f, 0x70, 0x00, 0x0e, 0xb3, 0x00, 0x05, 0xed, 0x00, 0x07, 0xfd, 0x00,
    0x1f, 0xa1, 0x00, 0x2f, 0x60, 0x00, 0x2f, 0x60, 0x00, 0x2f, 0x60, 0x00, 0x2f, 0x60, 0x00, 0x2f,
    0x60, 0x08, 0xaf, 0x50, 0x1f, 0xeb, 0x00, 0x05, 0x61, 0x00, 0x2d, 0xff, 0xe9, 0xac, 0xa2, 0x27,
    0xed, 0x40,
};
static const lv_font_fmt_txt_glyph_dsc_t pet_menu_font_20_glyphs[] = {
    {.bitmap_index = 0, .adv_w = 0, .box_w = 0, .box_h = 0, .ofs_x = 0, .ofs_y = 0},
    {.bitmap_index = 0, .adv_w = 176, .box_w = 0, .box_h = 0, .ofs_x = 0, .ofs_y = 0}, /* ' ' */
    {.bitmap_index = 0, .adv_w = 176, .box_w = 3, .box_h = 14, .ofs_x = 4, .ofs_y = 0}, /* '!' */
    {.bitmap_index = 21, .adv_w = 176, .box_w = 6, .box_h = 5, .ofs_x = 2, .ofs_y = 9}, /* '"' */
    {.bitmap_index = 36, .adv_w = 176, .box_w = 9, .box_h = 14, .ofs_x = 1, .ofs_y = 0}, /* '#' */
    {.bitmap_index = 99, .adv_w = 176, .box_w = 7, .box_h = 18, .ofs_x = 2, .ofs_y = -2}, /* '$' */
    {.bitmap_index = 162, .adv_w = 176, .box_w = 11, .box_h = 14, .ofs_x = 0, .ofs_y = 0}, /* '%' */
    {.bitmap_index = 239, .adv_w = 176, .box_w = 9, .box_h = 14, .ofs_x = 1, .ofs_y = 0}, /* '&' */
    {.bitmap_index = 302, .adv_w = 176, .box_w = 3, .box_h = 5, .ofs_x = 4, .ofs_y = 9}, /* "'" */
    {.bitmap_index = 310, .adv_w = 176, .box_w = 5, .box_h = 19, .ofs_x = 3, .ofs_y = -2}, /* '(' */
    {.bitmap_index = 358, .adv_w = 176, .box_w = 5, .box_h = 19, .ofs_x = 3, .ofs_y = -2}, /* ')' */
    {.bitmap_index = 406, .adv_w = 176, .box_w = 9, .box_h = 8, .ofs_x = 1, .ofs_y = 6}, /* '*' */
    {.bitmap_index = 442, .adv_w = 176, .box_w = 9, .box_h = 8, .ofs_x = 1, .ofs_y = 2}, /* '+' */
    {.bitmap_index = 478, .adv_w = 176, .box_w = 3, .box_h = 5, .ofs_x = 4, .ofs_y = -3}, /* ',' */
    {.bitmap_index = 486, .adv_w = 176, .box_w = 7, .box_h = 2, .ofs_x = 2, .ofs_y = 6}, /* '-' */
    {.bitmap_index = 493, .adv_w = 176, .box_w = 3, .box_h = 2, .ofs_x = 4, .ofs_y = 0}, /* '.' */
    {.bitmap_index = 496, .adv_w = 176, .box_w = 9, .box_h = 19, .ofs_x = 1, .ofs_y = -2}, /* '/' */
    {.bitmap_index = 582, .adv_w = 176, .box_w = 8, .box_h = 14, .ofs_x = 1, .ofs_y = 0}, /* '0' */
    {.bitmap_index = 638, .adv_w = 176, .box_w = 7, .box_h = 14, .ofs_x = 2, .ofs_y = 0}, /* '1' */
    {.bitmap_index = 687, .adv_w = 176, .box_w = 7, .box_h = 14, .ofs_x = 2, .ofs_y = 0}, /* '2' */
    {.bitmap_index = 736, .adv_w = 176, .box_w = 7, .box_h = 14, .ofs_x = 2, .ofs_y = 0}, /* '3' */
    {.bitmap_index = 785, .adv_w = 176, .box_w = 9, .box_h = 14, .ofs_x = 1, .ofs_y = 0}, /* '4' */
    {.bitmap_index = 848, .adv_w = 176, .box_w = 7, .box_h = 14, .ofs_x = 2, .ofs_y = 0}, /* '5' */
    {.bitmap_index = 897, .adv_w = 176, .box_w = 8, .box_h = 14, .ofs_x = 1, .ofs_y = 0}, /* '6' */
    {.bitmap_index = 953, .adv_w = 176, .box_w = 7, .box_h = 14, .ofs_x = 2, .ofs_y = 0}, /* '7' */
    {.bitmap_index = 1002, .adv_w = 176, .box_w = 9, .box_h = 14, .ofs_x = 1, .ofs_y = 0}, /* '8' */
    {.bitmap_index = 1065, .adv_w = 176, .box_w = 8, .box_h = 14, .ofs_x = 1, .ofs_y = 0}, /* '9' */
    {.bitmap_index = 1121, .adv_w = 176, .box_w = 3, .box_h = 10, .ofs_x = 4, .ofs_y = 0}, /* ':' */
    {.bitmap_index = 1136, .adv_w = 176, .box_w = 3, .box_h = 12, .ofs_x = 4, .ofs_y = -2}, /* ';' */
    {.bitmap_index = 1154, .adv_w = 176, .box_w = 9, .box_h = 10, .ofs_x = 1, .ofs_y = 2}, /* '<' */
    {.bitmap_index = 1199, .adv_w = 176, .box_w = 9, .box_h = 6, .ofs_x = 1, .ofs_y = 4}, /* '=' */
    {.bitmap_index = 1226, .adv_w = 176, .box_w = 9, .box_h = 10, .ofs_x = 1, .ofs_y = 2}, /* '>' */
    {.bitmap_index = 1271, .adv_w = 176, .box_w = 7, .box_h = 14, .ofs_x = 2, .ofs_y = 0}, /* '?' */
    {.bitmap_index = 1320, .adv_w = 176, .box_w = 11, .box_h = 14, .ofs_x = 0, .ofs_y = 0}, /* '@' */
    {.bitmap_index = 1397, .adv_w = 176, .box_w = 10, .box_h = 14, .ofs_x = 0, .ofs_y = 0}, /* 'A' */
    {.bitmap_index = 1467, .adv_w = 176, .box_w = 9, .box_h = 14, .ofs_x = 1, .ofs_y = 0}, /* 'B' */
    {.bitmap_index = 1530, .adv_w = 176, .box_w = 7, .box_h = 14, .ofs_x = 2, .ofs_y = 0}, /* 'C' */
    {.bitmap_index = 1579, .adv_w = 176, .box_w = 9, .box_h = 14, .ofs_x = 1, .ofs_y = 0}, /* 'D' */
    {.bitmap_index = 1642, .adv_w = 176, .box_w = 7, .box_h = 14, .ofs_x = 2, .ofs_y = 0}, /* 'E' */
    {.bitmap_index = 1691, .adv_w = 176, .box_w = 7, .box_h = 14, .ofs_x = 2, .ofs_y = 0}, /* 'F' */
    {.bitmap_index = 1740, .adv_w = 176, .box_w = 8, .box_h = 14, .ofs_x = 1, .ofs_y = 0}, /* 'G' */
    {.bitmap_index = 1796, .adv_w = 176, .box_w = 9, .box_h = 14, .ofs_x = 1, .ofs_y = 0}, /* 'H' */
    {.bitmap_index = 1859, .adv_w = 176, .box_w = 7, .box_h = 14, .ofs_x = 2, .ofs_y = 0}, /* 'I' */
    {.bitmap_index = 1908, .adv_w = 176, .box_w = 7, .box_h = 14, .ofs_x = 2, .ofs_y = 0}, /* 'J' */
    {.bitmap_index = 1957, .adv_w = 176, .box_w = 9, .box_h = 14, .ofs_x = 1, .ofs_y = 0}, /* 'K' */
    {.bitmap_index = 2020, .adv_w = 176, .box_w = 7, .box_h = 14, .ofs_x = 2, .ofs_y = 0}, /* 'L' */
    {.bitmap_index = 2069, .adv_w = 176, .box_w = 9, .box_h = 14, .ofs_x = 1, .ofs_y = 0}, /* 'M' */
    {.bitmap_index = 2132, .adv_w = 176, .box_w = 9, .box_h = 14, .ofs_x = 1, .ofs_y = 0}, /* 'N' */
    {.bitmap_index = 2195, .adv_w = 176, .box_w = 9, .box_h = 14, .ofs_x = 1, .ofs_y = 0}, /* 'O' */
    {.bitmap_index = 2258, .adv_w = 176, .box_w = 9, .box_h = 14, .ofs_x = 1, .ofs_y = 0}, /* 'P' */
    {.bitmap_index = 2321, .adv_w = 176, .box_w = 10, .box_h = 16, .ofs_x = 1, .ofs_y = -2}, /* 'Q' */
    {.bitmap_index = 2401, .adv_w = 176, .box_w = 9, .box_h = 14, .ofs_x = 1, .ofs_y = 0}, /* 'R' */
    {.bitmap_index = 2464, .adv_w = 176, .box_w = 7, .box_h = 14, .ofs_x = 2, .ofs_y = 0}, /* 'S' */
    {.bitmap_index = 2513, .adv_w = 176, .box_w = 9, .box_h = 14, .ofs_x = 1, .ofs_y = 0}, /* 'T' */
    {.bitmap_index = 2576, .adv_w = 176, .box_w = 9, .box_h = 14, .ofs_x = 1, .ofs_y = 0}, /* 'U' */
    {.bitmap_index = 2639, .adv_w = 176, .box_w = 9, .box_h = 14, .ofs_x = 1, .ofs_y = 0}, /* 'V' */
    {.bitmap_index = 2702, .adv_w = 176, .box_w = 9, .box_h = 14, .ofs_x = 1, .ofs_y = 0}, /* 'W' */
    {.bitmap_index = 2765, .adv_w = 176, .box_w = 9, .box_h = 14, .ofs_x = 1, .ofs_y = 0}, /* 'X' */
    {.bitmap_index = 2828, .adv_w = 176, .box_w = 10, .box_h = 14, .ofs_x = 0, .ofs_y = 0}, /* 'Y' */
    {.bitmap_index = 2898, .adv_w = 176, .box_w = 9, .box_h = 14, .ofs_x = 1, .ofs_y = 0}, /* 'Z' */
    {.bitmap_index = 2961, .adv_w = 176, .box_w = 5, .box_h = 19, .ofs_x = 3, .ofs_y = -2}, /* '[' */
    {.bitmap_index = 3009, .adv_w = 176, .box_w = 9, .box_h = 19, .ofs_x = 1, .ofs_y = -2}, /* '\\' */
    {.bitmap_index = 3095, .adv_w = 176, .box_w = 5, .box_h = 19, .ofs_x = 3, .ofs_y = -2}, /* ']' */
    {.bitmap_index = 3143, .adv_w = 176, .box_w = 9, .box_h = 7, .ofs_x = 1, .ofs_y = 8}, /* '^' */
    {.bitmap_index = 3175, .adv_w = 176, .box_w = 11, .box_h = 2, .ofs_x = 0, .ofs_y = -3}, /* '_' */
    {.bitmap_index = 3186, .adv_w = 176, .box_w = 5, .box_h = 3, .ofs_x = 3, .ofs_y = 11}, /* '`' */
    {.bitmap_index = 3194, .adv_w = 176, .box_w = 9, .box_h = 10, .ofs_x = 1, .ofs_y = 0}, /* 'a' */
    {.bitmap_index = 3239, .adv_w = 176, .box_w = 9, .box_h = 14, .ofs_x = 1, .ofs_y = 0}, /* 'b' */
    {.bitmap_index = 3302, .adv_w = 176, .box_w = 7, .box_h = 10, .ofs_x = 2, .ofs_y = 0}, /* 'c' */
    {.bitmap_index = 3337, .adv_w = 176, .box_w = 9, .box_h = 14, .ofs_x = 1, .ofs_y = 0}, /* 'd' */
    {.bitmap_index = 3400, .adv_w = 176, .box_w = 8, .box_h = 10, .ofs_x = 1, .ofs_y = 0}, /* 'e' */
    {.bitmap_index = 3440, .adv_w = 176, .box_w = 8, .box_h = 14, .ofs_x = 1, .ofs_y = 0}, /* 'f' */
    {.bitmap_index = 3496, .adv_w = 176, .box_w = 9, .box_h = 13, .ofs_x = 1, .ofs_y = -3}, /* 'g' */
    {.bitmap_index = 3555, .adv_w = 176, .box_w = 9, .box_h = 14, .ofs_x = 1, .ofs_y = 0}, /* 'h' */
    {.bitmap_index = 3618, .adv_w = 176, .box_w = 9, .box_h = 14, .ofs_x = 1, .ofs_y = 0}, /* 'i' */
    {.bitmap_index = 3681, .adv_w = 176, .box_w = 7, .box_h = 17, .ofs_x = 2, .ofs_y = -3}, /* 'j' */
    {.bitmap_index = 3741, .adv_w = 176, .box_w = 9, .box_h = 14, .ofs_x = 1, .ofs_y = 0}, /* 'k' */
    {.bitmap_index = 3804, .adv_w = 176, .box_w = 9, .box_h = 14, .ofs_x = 1, .ofs_y = 0}, /* 'l' */
    {.bitmap_index = 3867, .adv_w = 176, .box_w = 10, .box_h = 10, .ofs_x = 0, .ofs_y = 0}, /* 'm' */
    {.bitmap_index = 3917, .adv_w = 176, .box_w = 9, .box_h = 10, .ofs_x = 1, .ofs_y = 0}, /* 'n' */
    {.bitmap_index = 3962, .adv_w = 176, .box_w = 9, .box_h = 10, .ofs_x = 1, .ofs_y = 0}, /* 'o' */
    {.bitmap_index = 4007, .adv_w = 176, .box_w = 9, .box_h = 13, .ofs_x = 1, .ofs_y = -3}, /* 'p' */
    {.bitmap_index = 4066, .adv_w = 176, .box_w = 9, .box_h = 13, .ofs_x = 1, .ofs_y = -3}, /* 'q' */
    {.bitmap_index = 4125, .adv_w = 176, .box_w = 7, .box_h = 10, .ofs_x = 2, .ofs_y = 0}, /* 'r' */
    {.bitmap_index = 4160, .adv_w = 176, .box_w = 7, .box_h = 10, .ofs_x = 2, .ofs_y = 0}, /* 's' */
    {.bitmap_index = 4195, .adv_w = 176, .box_w = 7, .box_h = 13, .ofs_x = 2, .ofs_y = 0}, /* 't' */
    {.bitmap_index = 4241, .adv_w = 176, .box_w = 8, .box_h = 10, .ofs_x = 1, .ofs_y = 0}, /* 'u' */
    {.bitmap_index = 4281, .adv_w = 176, .box_w = 9, .box_h = 10, .ofs_x = 1, .ofs_y = 0}, /* 'v' */
    {.bitmap_index = 4326, .adv_w = 176, .box_w = 11, .box_h = 10, .ofs_x = 0, .ofs_y = 0}, /* 'w' */
    {.bitmap_index = 4381, .adv_w = 176, .box_w = 9, .box_h = 10, .ofs_x = 1, .ofs_y = 0}, /* 'x' */
    {.bitmap_index = 4426, .adv_w = 176, .box_w = 9, .box_h = 13, .ofs_x = 1, .ofs_y = -3}, /* 'y' */
    {.bitmap_index = 4485, .adv_w = 176, .box_w = 7, .box_h = 10, .ofs_x = 2, .ofs_y = 0}, /* 'z' */
    {.bitmap_index = 4520, .adv_w = 176, .box_w = 6, .box_h = 19, .ofs_x = 2, .ofs_y = -2}, /* '{' */
    {.bitmap_index = 4577, .adv_w = 176, .box_w = 3, .box_h = 19, .ofs_x = 4, .ofs_y = -2}, /* '|' */
    {.bitmap_index = 4606, .adv_w = 176, .box_w = 6, .box_h = 19, .ofs_x = 2, .ofs_y = -2}, /* '}' */
    {.bitmap_index = 4663, .adv_w = 176, .box_w = 7, .box_h = 3, .ofs_x = 2, .ofs_y = 5}, /* '~' */
};
static const lv_font_fmt_txt_cmap_t pet_menu_font_20_cmaps[] = {
    {.range_start = 32, .range_length = 95, .glyph_id_start = 1,
     .unicode_list = NULL, .glyph_id_ofs_list = NULL, .list_length = 0,
     .type = LV_FONT_FMT_TXT_CMAP_FORMAT0_TINY},
};
static const lv_font_fmt_txt_dsc_t pet_menu_font_20_dsc = {
    .glyph_bitmap = pet_menu_font_20_bitmap, .glyph_dsc = pet_menu_font_20_glyphs, .cmaps = pet_menu_font_20_cmaps,
    .kern_dsc = NULL, .kern_scale = 0, .cmap_num = 1, .bpp = 4, .kern_classes = 0, .bitmap_format = 0,
};
const lv_font_t pet_menu_font_20 = {
    .get_glyph_dsc = lv_font_get_glyph_dsc_fmt_txt,
    .get_glyph_bitmap = lv_font_get_bitmap_fmt_txt,
    .line_height = 23,
    .base_line = 5,
    .subpx = LV_FONT_SUBPX_NONE,
    .underline_position = -2,
    .underline_thickness = 1,
    .dsc = &pet_menu_font_20_dsc,
};

static LV_ATTRIBUTE_LARGE_CONST const uint8_t pet_menu_font_28_bitmap[] = {
    0xaf, 0xba, 0xfb, 0xaf, 0xba, 0xfb, 0xaf, 0xba, 0xfb, 0xaf, 0xba, 0xfb, 0xaf, 0xba, 0xfb, 0xaf,
    0xba, 0xfb, 0xaf, 0xba, 0xfb, 0x00, 0x00, 0x00, 0x00, 0x0b, 0xdc, 0xdf, 0xed, 0xfe, 0xef, 0xb0,
    0x9f, 0xf1, 0xef, 0xb0, 0x9f, 0xf1, 0xef, 0xb0, 0x9f, 0xf1, 0xcf, 0x90, 0x7f, 0xe0, 0xaf, 0x70,
    0x5f, 0xc0, 0x9f, 0x50, 0x4f, 0xa0, 0x7f, 0x30, 0x2f, 0x80, 0x00, 0xcf, 0x70, 0x5f, 0xe0, 0x00,
    0x0c, 0xf7, 0x05, 0xfe, 0x00, 0x00, 0xcf, 0x70, 0x5f, 0xe0, 0x00, 0x0c, 0xf7, 0x05, 0xfe, 0x00,
    0x00, 0xcf, 0x70, 0x5f, 0xe0, 0x0c, 0xff, 0xff, 0xff, 0xff, 0xfd, 0xcf, 0xff, 0xff, 0xff, 0xff,
    0xd1, 0x1c, 0xf7, 0x16, 0xfe, 0x11, 0x00, 0xcf, 0x70, 0x5f, 0xe0, 0x00, 0x0c, 0xf7, 0x05, 0xfe,
    0x00, 0x00, 0xcf, 0x70, 0x5f, 0xe0, 0x00, 0x0c, 0xf7, 0x05, 0xfe, 0x00, 0x11, 0xcf, 0x71, 0x6f,
    0xe1, 0x1c, 0xff, 0xff, 0xff, 0xff, 0xfd, 0xcf, 0xff, 0xff, 0xff, 0xff, 0xd0, 0x0c, 0xf7, 0x05,
    0xfe, 0x00, 0x00, 0xcf, 0x70, 0x5f, 0xe0, 0x00, 0x0c, 0xf7, 0x05, 0xfe, 0x00, 0x00, 0xcf, 0x70,
    0x5f, 0xe0, 0x00, 0x0c, 0xf7, 0x05, 0xfe, 0x00, 0x00, 0x00, 0xaf, 0xb0, 0x00, 0x00, 0x00, 0x0a,
    0xfb, 0x00, 0x00, 0x00, 0x00, 0xaf, 0xb0, 0x00, 0x00, 0x01, 0x8e, 0xff, 0xff, 0xb0, 0x02, 0xdf,
    0xff, 0xff, 0xfb, 0x00, 0x9f, 0xf7, 0x32, 0x22, 0x10, 0x0e, 0xf8, 0x00, 0x00, 0x00, 0x01, 0xff,
    0x60, 0x00, 0x00, 0x00, 0x1f, 0xf6, 0x00, 0x00, 0x00, 0x00, 0xef, 0x70, 0x00, 0x00, 0x00, 0x0b,
    0xfe, 0x40, 0x00, 0x00, 0x00, 0x3f, 0xff, 0xfe, 0xb4, 0x00, 0x00, 0x3b, 0xff, 0xff, 0xf4, 0x00,
    0x00, 0x00, 0x13, 0xdf, 0xc0, 0x00, 0x00, 0x00, 0x06, 0xff, 0x10, 0x00, 0x00, 0x00, 0x4f, 0xf2,
    0x00, 0x00, 0x00, 0x04, 0xff, 0x20, 0x00, 0x00, 0x00, 0x4f, 0xf2, 0x00, 0x00, 0x00, 0x08, 0xff,
    0x00, 0x11, 0x11, 0x26, 0xef, 0xa0, 0x09, 0xff, 0xff, 0xff, 0xd2, 0x00, 0x9f, 0xff, 0xfe, 0x82,
    0x00, 0x00, 0x00, 0xaf, 0xb0, 0x00, 0x00, 0x00, 0x0a, 0xfb, 0x00, 0x00, 0x00, 0x00, 0x9f, 0xb0,
    0x00, 0x00, 0x00, 0x6d, 0xfd, 0x70, 0x00, 0x00, 0x00, 0x00, 0x5f, 0xff, 0xff, 0x70, 0x00, 0x00,
    0x00, 0x0c, 0xf8, 0x26, 0xfd, 0x00, 0x00, 0x00, 0x00, 0xef, 0x00, 0x0e, 0xf1, 0x00, 0x00, 0x00,
    0x0f, 0xf0, 0x00, 0xdf, 0x10, 0x00, 0x00, 0x00, 0xef, 0x00, 0x0e, 0xf1, 0x00, 0x00, 0x00, 0x0c,
    0xf8, 0x26, 0xfd, 0x00, 0x00, 0x00, 0x00, 0x5f, 0xff, 0xff, 0x70, 0x00, 0x00, 0x00, 0x00, 0x6d,
    0xfd, 0x70, 0x00, 0x00, 0x13, 0x40, 0x00, 0x00, 0x13, 0x57, 0xac, 0xef, 0xfb, 0x47, 0x9c, 0xef,
    0xff, 0xff, 0xfd, 0xb9, 0x5a, 0xff, 0xfe, 0xb9, 0x75, 0x31, 0x00, 0x00, 0x55, 0x31, 0x00, 0x01,
    0x8d, 0xfd, 0x70, 0x00, 0x00, 0x00, 0x00, 0x9f, 0xff, 0xff, 0x70, 0x00, 0x00, 0x00, 0x0e, 0xf5,
    0x26, 0xfc, 0x00, 0x00, 0x00, 0x01, 0xfd, 0x00, 0x0f, 0xe0, 0x00, 0x00, 0x00, 0x1f, 0xd0, 0x00,
    0xfe, 0x00, 0x00, 0x00, 0x00, 0xef, 0x52, 0x6f, 0xc0, 0x00, 0x00, 0x00, 0x09, 0xff, 0xff, 0xf7,
    0x00, 0x00, 0x00, 0x00, 0x18, 0xdf, 0xd7, 0x00, 0x00, 0x5b, 0xef, 0xff, 0x60, 0x00, 0x07, 0xff,
    0xff, 0xff, 0x60, 0x00, 0x1e, 0xfb, 0x31, 0x11, 0x10, 0x00, 0x4f, 0xf2, 0x00, 0x00, 0x00, 0x00,
    0x6f, 0xf1, 0x00, 0x00, 0x00, 0x00, 0x6f, 0xf1, 0x00, 0x00, 0x00, 0x00, 0x4f, 0xf3, 0x00, 0x00,
    0x00, 0x00, 0x0d, 0xfc, 0x31, 0x11, 0x11, 0x11, 0x04, 0xff, 0xff, 0xff, 0xff, 0xfd, 0x0a, 0xff,
    0xff, 0xff, 0xff, 0xfd, 0x5f, 0xf7, 0x10, 0x09, 0xfa, 0x00, 0x9f, 0xd0, 0x00, 0x09, 0xfa, 0x00,
    0xaf, 0xc0, 0x00, 0x09, 0xfa, 0x00, 0xaf, 0xc0, 0x00, 0x09, 0xfa, 0x00, 0xaf, 0xc0, 0x00, 0x09,
    0xfa, 0x00, 0xaf, 0xc0, 0x00, 0x09, 0xfa, 0x00, 0x9f, 0xd0, 0x00, 0x09, 0xfa, 0x00, 0x6f, 0xf7,
    0x21, 0x19, 0xfa, 0x00, 0x1d, 0xff, 0xff, 0xff, 0xfa, 0x00, 0x01, 0x9d, 0xff, 0xff, 0xfa, 0x00,
    0xcf, 0xdc, 0xfd, 0xcf, 0xda, 0xfb, 0x8f, 0x96, 0xf8, 0x4f, 0x60, 0x00, 0x02, 0x87, 0x10, 0x01,
    0xdf, 0x90, 0x00, 0x9f, 0xd0, 0x00, 0x2f, 0xf4, 0x00, 0x08, 0xfc, 0x00, 0x00, 0xdf, 0x80, 0x00,
    0x1f, 0xf5, 0x00, 0x02, 0xff, 0x30, 0x00, 0x3f, 0xf3, 0x00, 0x03, 0xff, 0x20, 0x00, 0x4f, 0xf2,
    0x00, 0x04, 0xff, 0x20, 0x00, 0x4f, 0xf2, 0x00, 0x04, 0xff, 0x20, 0x00, 0x4f, 0xf2, 0x00, 0x04,
    0xff, 0x20, 0x00, 0x4f, 0xf2, 0x00, 0x04, 0xff, 0x20, 0x00, 0x3f, 0xf2, 0x00, 0x03, 0xff, 0x30,
    0x00, 0x1f, 0xf4, 0x00, 0x00, 0xef, 0x60, 0x00, 0x0b, 0xfa, 0x00, 0x00, 0x5f, 0xe1, 0x00, 0x00,
    0xdf, 0x80, 0x00, 0x04, 0xff, 0x30, 0x00, 0x08, 0xfd, 0x10, 0x17, 0x83, 0x00, 0x00, 0x7f, 0xe2,
    0x00, 0x00, 0xbf, 0xb0, 0x00, 0x02, 0xff, 0x30, 0x00, 0x0a, 0xfa, 0x00, 0x00, 0x6f, 0xe0, 0x00,
    0x03, 0xff, 0x20, 0x00, 0x1f, 0xf4, 0x00, 0x01, 0xff, 0x50, 0x00, 0x0f, 0xf5, 0x00, 0x00, 0xff,
    0x50, 0x00, 0x0f, 0xf5, 0x00, 0x00, 0xff, 0x50, 0x00, 0x0f, 0xf5, 0x00, 0x00, 0xff, 0x50, 0x00,
    0x0f, 0xf5, 0x00, 0x00, 0xff, 0x50, 0x00, 0x0f, 0xf5, 0x00, 0x00, 0xff, 0x50, 0x00, 0x1f, 0xf5,
    0x00, 0x02, 0xff, 0x30, 0x00, 0x4f, 0xf1, 0x00, 0x08, 0xfc, 0x00, 0x00, 0xdf, 0x70, 0x00, 0x6f,
    0xe1, 0x00, 0x2e, 0xf6, 0x00, 0x1c, 0xf9, 0x00, 0x00, 0x00, 0x00, 0xaf, 0xc0, 0x00, 0x00, 0x00,
    0x00, 0x9f, 0xa0, 0x00, 0x00, 0x11, 0x00, 0x7f, 0x90, 0x00, 0x10, 0x9e, 0x93, 0x6f, 0x82, 0x8d,
    0xa0, 0xdf, 0xff, 0xef, 0xef, 0xff, 0xf1, 0x14, 0x7b, 0xff, 0xfb, 0x74, 0x10, 0x00, 0x09, 0xfe,
    0xfa, 0x00, 0x00, 0x00, 0x7f, 0xe2, 0xef, 0x80, 0x00, 0x05, 0xff, 0x60, 0x6f, 0xf6, 0x00, 0x08,
    0xfb, 0x00, 0x0b, 0xf9, 0x00, 0x00, 0x52, 0x00, 0x02, 0x50, 0x00, 0x00, 0x00, 0x8f, 0xa0, 0x00,
    0x00, 0x00, 0x08, 0xfa, 0x00, 0x00, 0x00, 0x00, 0x8f, 0xa0, 0x00, 0x00, 0x00, 0x08, 0xfa, 0x00,
    0x00, 0x11, 0x11, 0x9f, 0xb1, 0x11, 0x1c, 0xff, 0xff, 0xff, 0xff, 0xfd, 0xcf, 0xff, 0xff, 0xff,
    0xff, 0xd0, 0x00, 0x08, 0xfa, 0x00, 0x00, 0x00, 0x00, 0x8f, 0xa0, 0x00, 0x00, 0x00, 0x08, 0xfa,
    0x00, 0x00, 0x00, 0x00, 0x8f, 0xa0, 0x00, 0x00, 0x04, 0xff, 0x80, 0x4f, 0xf8, 0x04, 0xff, 0x80,
    0x6f, 0xf4, 0x0b, 0xfd, 0x00, 0xef, 0x60, 0x4f, 0xe1, 0x00, 0x11, 0x11, 0x11, 0x11, 0x10, 0xff,
    0xff, 0xff, 0xff, 0xf1, 0xff, 0xff, 0xff, 0xff, 0xf1, 0xbd, 0xcd, 0xfe, 0xdf, 0xe0, 0x00, 0x00,
    0x00, 0x00, 0x00, 0xcf, 0x80, 0x00, 0x00, 0x00, 0x00, 0x3f, 0xf2, 0x00, 0x00, 0x00, 0x00, 0x09,
    0xfb, 0x00, 0x00, 0x00, 0x00, 0x00, 0xef, 0x60, 0x00, 0x00, 0x00, 0x00, 0x5f, 0xe1, 0x00, 0x00,
    0x00, 0x00, 0x0b, 0xf9, 0x00, 0x00, 0x00, 0x00, 0x02, 0xff, 0x30, 0x00, 0x00, 0x00, 0x00, 0x8f,
    0xd0, 0x00, 0x00, 0x00, 0x00, 0x0d, 0xf7, 0x00, 0x00, 0x00, 0x00, 0x04, 0xff, 0x10, 0x00, 0x00,
    0x00, 0x00, 0xaf, 0xa0, 0x00, 0x00, 0x00, 0x00, 0x1f, 0xf5, 0x00, 0x00, 0x00, 0x00, 0x06, 0xfe,
    0x00, 0x00, 0x00, 0x00, 0x00, 0xcf, 0x80, 0x00, 0x00, 0x00, 0x00, 0x3f, 0xf2, 0x00, 0x00, 0x00,
    0x00, 0x09, 0xfc, 0x00, 0x00, 0x00, 0x00, 0x00, 0xef, 0x60, 0x00, 0x00, 0x00, 0x00, 0x5f, 0xe1,
    0x00, 0x00, 0x00, 0x00, 0x0b, 0xf9, 0x00, 0x00, 0x00, 0x00, 0x02, 0xff, 0x40, 0x00, 0x00, 0x00,
    0x00, 0x7f, 0xd0, 0x00, 0x00, 0x00, 0x00, 0x0d, 0xf7, 0x00, 0x00, 0x00, 0x00, 0x04, 0xff, 0x20,
    0x00, 0x00, 0x00, 0x00, 0xaf, 0xb0, 0x00, 0x00, 0x00, 0x00, 0x1e, 0xf5, 0x00, 0x00, 0x00, 0x00,
    0x06, 0xfe, 0x00, 0x00, 0x00, 0x00, 0x00, 0x00, 0x4b, 0xef, 0xeb, 0x50, 0x00, 0x6f, 0xff, 0xff,
    0xff, 0x70, 0x1e, 0xfc, 0x42, 0x3c, 0xff, 0x24, 0xff, 0x20, 0x00, 0x1f, 0xf6, 0x6f, 0xe0, 0x00,
    0x01, 0xef, 0x86, 0xfe, 0x00, 0x00, 0x9f, 0xf8, 0x6f, 0xe0, 0x00, 0x4f, 0xff, 0x86, 0xfe, 0x00,
    0x1d, 0xff, 0xf8, 0x6f, 0xe0, 0x09, 0xfc, 0xdf, 0x86, 0xfe, 0x04, 0xff, 0x3d, 0xf8, 0x6f, 0xe1,
    0xdf, 0x80, 0xdf, 0x86, 0xfe, 0x9f, 0xc0, 0x0d, 0xf8, 0x6f, 0xff, 0xf3, 0x00, 0xdf, 0x86, 0xff,
    0xf7, 0x00, 0x0d, 0xf8, 0x6f, 0xfc, 0x00, 0x00, 0xdf, 0x86, 0xff, 0x20, 0x00, 0x0d, 0xf8, 0x4f,
    0xf2, 0x00, 0x01, 0xff, 0x61, 0xef, 0xc4, 0x23, 0xbf, 0xf2, 0x05, 0xff, 0xff, 0xff, 0xf7, 0x00,
    0x04, 0xbe, 0xfe, 0xb5, 0x00, 0x00, 0x28, 0xef, 0xf3, 0x00, 0x01, 0xbf, 0xff, 0xff, 0x30, 0x00,
    0x2f, 0xfd, 0x9f, 0xf3, 0x00, 0x02, 0x94, 0x03, 0xff, 0x30, 0x00, 0x00, 0x00, 0x3f, 0xf3, 0x00,
    0x00, 0x00, 0x03, 0xff, 0x30, 0x00, 0x00, 0x00, 0x3f, 0xf3, 0x00, 0x00, 0x00, 0x03, 0xff, 0x30,
    0x00, 0x00, 0x00, 0x3f, 0xf3, 0x00, 0x00, 0x00, 0x03, 0xff, 0x30, 0x00, 0x00, 0x00, 0x3f, 0xf3,
    0x00, 0x00, 0x00, 0x03, 0xff, 0x30, 0x00, 0x00, 0x00, 0x3f, 0xf3, 0x00, 0x00, 0x00, 0x03, 0xff,
    0x30, 0x00, 0x00, 0x00, 0x3f, 0xf3, 0x00, 0x00, 0x00, 0x03, 0xff, 0x30, 0x00, 0x00, 0x00, 0x3f,
    0xf3, 0x00, 0x00, 0x11, 0x14, 0xff, 0x41, 0x10, 0x0d, 0xff, 0xff, 0xff, 0xff, 0x40, 0xdf, 0xff,
    0xff, 0xff, 0xf4, 0x08, 0xff, 0xfe, 0xb5, 0x00, 0x00, 0x8f, 0xff, 0xff, 0xf8, 0x00, 0x01, 0x11,
    0x13, 0xbf, 0xf3, 0x00, 0x00, 0x00, 0x01, 0xef, 0x70, 0x00, 0x00, 0x00, 0x0c, 0xf9, 0x00, 0x00,
    0x00, 0x00, 0xcf, 0x90, 0x00, 0x00, 0x00, 0x0c, 0xf9, 0x00, 0x00, 0x00, 0x00, 0xdf, 0x80, 0x00,
    0x00, 0x00, 0x2f, 0xf6, 0x00, 0x00, 0x00, 0x09, 0xff, 0x10, 0x00, 0x00, 0x04, 0xff, 0x80, 0x00,
    0x00, 0x01, 0xdf, 0xd1, 0x00, 0x00, 0x00, 0x9f, 0xf4, 0x00, 0x00, 0x00, 0x4f, 0xf8, 0x00, 0x00,
    0x00, 0x1e, 0xfd, 0x00, 0x00, 0x00, 0x0a, 0xff, 0x30, 0x00, 0x00, 0x05, 0xff, 0x70, 0x00, 0x00,
    0x00, 0xef, 0xc2, 0x11, 0x11, 0x10, 0x1f, 0xff, 0xff, 0xff, 0xff, 0x31, 0xff, 0xff, 0xff, 0xff,
    0xf3, 0x9f, 0xff, 0xeb, 0x50, 0x09, 0xff, 0xff, 0xff, 0x80, 0x11, 0x11, 0x3a, 0xff, 0x20, 0x00,
    0x00, 0x1f, 0xf5, 0x00, 0x00, 0x00, 0xff, 0x70, 0x00, 0x00, 0x0f, 0xf7, 0x00, 0x00, 0x00, 0xff,
    0x70, 0x00, 0x00, 0x2f, 0xf5, 0x01, 0x11, 0x3c, 0xfe, 0x10, 0xbf, 0xff, 0xff, 0x40, 0x0b, 0xff,
    0xff, 0xfa, 0x00, 0x00, 0x01, 0x6f, 0xf6, 0x00, 0x00, 0x00, 0xcf, 0xa0, 0x00, 0x00, 0x0b, 0xfb,
    0x00, 0x00, 0x00, 0xbf, 0xb0, 0x00, 0x00, 0x0b, 0xfb, 0x00, 0x00, 0x00, 0xcf, 0xa1, 0x11, 0x12,
    0x7f, 0xf7, 0x9f, 0xff, 0xff, 0xfd, 0x19, 0xff, 0xff, 0xd9, 0x20, 0x00, 0x0a, 0xf9, 0x00, 0x00,
    0x00, 0x00, 0xdf, 0x60, 0x00, 0x00, 0x00, 0x2f, 0xf3, 0x00, 0x00, 0x00, 0x05, 0xff, 0x00, 0x00,
    0x00, 0x00, 0x8f, 0xc0, 0x00, 0x00, 0x00, 0x0c, 0xf9, 0x00, 0x00, 0x00, 0x00, 0xff, 0x60, 0x00,
    0x00, 0x00, 0x3f, 0xf2, 0x0c, 0xf9, 0x00, 0x07, 0xfe, 0x00, 0xcf, 0x90, 0x00, 0xaf, 0xb0, 0x0c,
    0xf9, 0x00, 0x0d, 0xf8, 0x00, 0xcf, 0x90, 0x02, 0xff, 0x50, 0x0c, 0xf9, 0x00, 0x5f, 0xf2, 0x00,
    0xcf, 0x90, 0x08, 0xfe, 0x10, 0x0c, 0xf9, 0x00, 0x8f, 0xff, 0xff, 0xff, 0xff, 0xa8, 0xff, 0xff,
    0xff, 0xff, 0xfa, 0x00, 0x00, 0x00, 0xcf, 0x90, 0x00, 0x00, 0x00, 0x0c, 0xf9, 0x00, 0x00, 0x00,
    0x00, 0xcf, 0x90, 0x00, 0x00, 0x00, 0x0c, 0xf9, 0x00, 0x6f, 0xff, 0xff, 0xff, 0x56, 0xff, 0xff,
    0xff, 0xf5, 0x6f, 0xf1, 0x11, 0x11, 0x06, 0xff, 0x00, 0x00, 0x00, 0x6f, 0xf0, 0x00, 0x00, 0x06,
    0xff, 0x00, 0x00, 0x00, 0x6f, 0xf0, 0x00, 0x00, 0x06, 0xff, 0x00, 0x00, 0x00, 0x6f, 0xff, 0xfd,
    0x81, 0x06, 0xff, 0xff, 0xff, 0xd1, 0x11, 0x11, 0x28, 0xff, 0x70, 0x00, 0x00, 0x0c, 0xfa, 0x00,
    0x00, 0x00, 0xaf, 0xb0, 0x00, 0x00, 0x0a, 0xfc, 0x00, 0x00, 0x00, 0xaf, 0xc0, 0x00, 0x00, 0x0a,
    0xfb, 0x00, 0x00, 0x00, 0xcf, 0xa1, 0x11, 0x12, 0x7f, 0xf7, 0xaf, 0xff, 0xff, 0xfd, 0x1a, 0xff,
    0xff, 0xd9, 0x20, 0x00, 0x3a, 0xdf, 0xff, 0xf3, 0x00, 0x4f, 0xff, 0xff, 0xff, 0x30, 0x0d, 0xfe,
    0x52, 0x11, 0x10, 0x02, 0xff, 0x50, 0x00, 0x00, 0x00, 0x4f, 0xf2, 0x00, 0x00, 0x00, 0x04, 0xff,
    0x10, 0x00, 0x00, 0x00, 0x4f, 0xf1, 0x00, 0x00, 0x00, 0x04, 0xff, 0x31, 0x11, 0x00, 0x00, 0x4f,
    0xff, 0xff, 0xfe, 0x91, 0x04, 0xff, 0xff, 0xff, 0xff, 0xc0, 0x4f, 0xf1, 0x00, 0x17, 0xff, 0x44,
    0xff, 0x10, 0x00, 0x0e, 0xf7, 0x4f, 0xf1, 0x00, 0x00, 0xdf, 0x84, 0xff, 0x10, 0x00, 0x0d, 0xf8,
    0x4f, 0xf1, 0x00, 0x00, 0xdf, 0x84, 0xff, 0x10, 0x00, 0x0d, 0xf8, 0x2f, 0xf4, 0x00, 0x01, 0xef,
    0x60, 0xcf, 0xc4, 0x13, 0xaf, 0xf2, 0x04, 0xff, 0xff, 0xff, 0xf8, 0x00, 0x03, 0xbe, 0xff, 0xc5,
    0x00, 0x1f, 0xff, 0xff, 0xff, 0xff, 0x01, 0xff, 0xff, 0xff, 0xff, 0xf0, 0x01, 0x11, 0x11, 0x17,
    0xff, 0x00, 0x00, 0x00, 0x00, 0xbf, 0xc0, 0x00, 0x00, 0x00, 0x0e, 0xf8, 0x00, 0x00, 0x00, 0x04,
    0xff, 0x40, 0x00, 0x00, 0x00, 0x9f, 0xe0, 0x00, 0x00, 0x00, 0x0d, 0xfa, 0x00, 0x00, 0x00, 0x02,
    0xff, 0x60, 0x00, 0x00, 0x00, 0x6f, 0xf2, 0x00, 0x00, 0x00, 0x0b, 0xfc, 0x00, 0x00, 0x00, 0x00,
    0xef, 0x80, 0x00, 0x00, 0x00, 0x4f, 0xf4, 0x00, 0x00, 0x00, 0x08, 0xfe, 0x00, 0x00, 0x00, 0x00,
    0xdf, 0xa0, 0x00, 0x00, 0x00, 0x2f, 0xf6, 0x00, 0x00, 0x00, 0x06, 0xff, 0x10, 0x00, 0x00, 0x00,
    0xaf, 0xc0, 0x00, 0x00, 0x00, 0x0e, 0xf8, 0x00, 0x00, 0x00, 0x04, 0xff, 0x30, 0x00, 0x00, 0x00,
    0x4b, 0xef, 0xec, 0x50, 0x00, 0x6f, 0xff, 0xff, 0xff, 0x70, 0x0e, 0xfb, 0x31, 0x3b, 0xff, 0x12,
    0xff, 0x40, 0x00, 0x2f, 0xf4, 0x4f, 0xf3, 0x00, 0x01, 0xff, 0x54, 0xff, 0x30, 0x00, 0x1f, 0xf6,
    0x4f, 0xf3, 0x00, 0x01, 0xff, 0x52, 0xff, 0x50, 0x00, 0x3f, 0xf4, 0x0c, 0xfd, 0x41, 0x3c, 0xfe,
    0x00, 0x3e, 0xff, 0xff, 0xff, 0x40, 0x09, 0xff, 0xff, 0xff, 0xfa, 0x04, 0xff, 0x81, 0x01, 0x7f,
    0xf6, 0x8f, 0xe0, 0x00, 0x00, 0xcf, 0xa9, 0xfd, 0x00, 0x00, 0x0b, 0xfb, 0x9f, 0xd0, 0x00, 0x00,
    0xbf, 0xb9, 0xfd, 0x00, 0x00, 0x0b, 0xfb, 0x8f, 0xe0, 0x00, 0x00, 0xcf, 0xa5, 0xff, 0x82, 0x12,
    0x7f, 0xf7, 0x0c, 0xff, 0xff, 0xff, 0xfd, 0x10, 0x18, 0xdf, 0xff, 0xd9, 0x10, 0x00, 0x3a, 0xef,
    0xec, 0x50, 0x00, 0x3e, 0xff, 0xff, 0xff, 0x60, 0x0c, 0xfd, 0x41, 0x3b, 0xff, 0x12, 0xff, 0x40,
    0x00, 0x1f, 0xf5, 0x4f, 0xf1, 0x00, 0x00, 0xdf, 0x75, 0xff, 0x10, 0x00, 0x0d, 0xf8, 0x5f, 0xf1,
    0x00, 0x00, 0xdf, 0x85, 0xff, 0x10, 0x00, 0x0d, 0xf8, 0x4f, 0xf1, 0x00, 0x00, 0xdf, 0x83, 0xff,
    0x30, 0x00, 0x0d, 0xf8, 0x0e, 0xfb, 0x31, 0x11, 0xdf, 0x80, 0x7f, 0xff, 0xff, 0xff, 0xf8, 0x00,
    0x5b, 0xef, 0xff, 0xff, 0x80, 0x00, 0x00, 0x00, 0x0d, 0xf8, 0x00, 0x00, 0x00, 0x00, 0xdf, 0x80,
    0x00, 0x00, 0x00, 0x0d, 0xf7, 0x00, 0x00, 0x00, 0x01, 0xff, 0x60, 0x01, 0x11, 0x13, 0xbf, 0xf2,
    0x00, 0xaf, 0xff, 0xff, 0xf7, 0x00, 0x0a, 0xff, 0xfe, 0xb5, 0x00, 0xdf, 0xed, 0xfe, 0xbd, 0xc0,
    0x00, 0x00, 0x00, 0x00, 0x00, 0x00, 0x00, 0x00, 0x00, 0x00, 0x00, 0x0b, 0xdc, 0xdf, 0xed, 0xfe,
    0x04, 0xff, 0x80, 0x4f, 0xf8, 0x04, 0xdd, 0x70, 0x00, 0x00, 0x00, 0x00, 0x00, 0x00, 0x00, 0x00,
    0x00, 0x00, 0x00, 0x00, 0x00, 0x00, 0x00, 0x00, 0x00, 0x00, 0x00, 0x00, 0x4f, 0xf8, 0x04, 0xff,
    0x80, 0x4f, 0xf8, 0x06, 0xff, 0x40, 0xbf, 0xd0, 0x0e, 0xf6, 0x04, 0xfe, 0x10, 0x00, 0x00, 0x00,
    0x00, 0x02, 0x80, 0x00, 0x00, 0x00, 0x3a, 0xfd, 0x00, 0x00, 0x04, 0xbf, 0xff, 0xc0, 0x00, 0x5c,
    0xff, 0xfc, 0x60, 0x06, 0xdf, 0xff, 0xb4, 0x00, 0x0b, 0xff, 0xe9, 0x20, 0x00, 0x00, 0xcf, 0xb1,
    0x00, 0x00, 0x00, 0x0c, 0xff, 0xc6, 0x00, 0x00, 0x00, 0x4b, 0xff, 0xfe, 0x81, 0x00, 0x00, 0x03,
    0xaf, 0xff, 0xf9, 0x30, 0x00, 0x00, 0x29, 0xef, 0xff, 0xa0, 0x00, 0x00, 0x01, 0x8e, 0xfd, 0x00,
    0x00, 0x00, 0x00, 0x16, 0xb0, 0x00, 0x00, 0x00, 0x00, 0x00, 0xcf, 0xff, 0xff, 0xff, 0xff, 0xdc,
    0xff, 0xff, 0xff, 0xff, 0xfd, 0x11, 0x11, 0x11, 0x11, 0x11, 0x10, 0x00, 0x00, 0x00, 0x00, 0x00,
    0x00, 0x00, 0x00, 0x00, 0x00, 0x01, 0x11, 0x11, 0x11, 0x11, 0x11, 0xcf, 0xff, 0xff, 0xff, 0xff,
    0xdc, 0xff, 0xff, 0xff, 0xff, 0xfd, 0x73, 0x00, 0x00, 0x00, 0x00, 0x0c, 0xfb, 0x40, 0x00, 0x00,
    0x00, 0xbf, 0xff, 0xc5, 0x00, 0x00, 0x00, 0x5b, 0xff, 0xfd, 0x60, 0x00, 0x00, 0x03, 0x9f, 0xff,
    0xd6, 0x10, 0x00, 0x00, 0x17, 0xdf, 0xfc, 0x00, 0x00, 0x00, 0x00, 0x7f, 0xd0, 0x00, 0x00, 0x04,
    0xbf, 0xfd, 0x00, 0x01, 0x6d, 0xff, 0xfc, 0x50, 0x28, 0xef, 0xff, 0xb4, 0x00, 0x9f, 0xff, 0xfa,
    0x30, 0x00, 0x0c, 0xfe, 0x82, 0x00, 0x00, 0x00, 0xa7, 0x10, 0x00, 0x00, 0x00, 0x00, 0x00, 0x00,
    0x00, 0x00, 0x00, 0x7f, 0xff, 0xec, 0x60, 0x07, 0xff, 0xff, 0xff, 0x90, 0x11, 0x11, 0x29, 0xff,
    0x20, 0x00, 0x00, 0x0f, 0xf6, 0x00, 0x00, 0x00, 0xef, 0x70, 0x00, 0x00, 0x0e, 0xf7, 0x00, 0x00,
    0x01, 0xff, 0x60, 0x00, 0x00, 0xaf, 0xf2, 0x00, 0x00, 0x7f, 0xf8, 0x00, 0x00, 0x6f, 0xfa, 0x00,
    0x00, 0x4f, 0xfb, 0x00, 0x00, 0x06, 0xff, 0x10, 0x00, 0x00, 0x6f, 0xf0, 0x00, 0x00, 0x06, 0xff,
    0x00, 0x00, 0x00, 0x01, 0x10, 0x00, 0x00, 0x00, 0x00, 0x00, 0x00, 0x00, 0x00, 0x00, 0x00, 0x00,
    0x08, 0xdd, 0x30, 0x00, 0x00, 0x9f, 0xf3, 0x00, 0x00, 0x09, 0xff, 0x30, 0x00, 0x00, 0x6c, 0xef,
    0xff, 0xff, 0xed, 0x70, 0x00, 0x7f, 0xff, 0xff, 0xff, 0xff, 0xff, 0x90, 0x0e, 0xf8, 0x21, 0x11,
    0x11, 0x27, 0xff, 0x12, 0xfd, 0x00, 0x00, 0x00, 0x00, 0x0c, 0xf4, 0x3f, 0xc0, 0x00, 0x00, 0x00,
    0x00, 0xaf, 0x53, 0xfc, 0x00, 0x5c, 0xef, 0xfa, 0x0a, 0xf5, 0x3f, 0xc0, 0x3f, 0xff, 0xff, 0xa0,
    0xaf, 0x53, 0xfc, 0x08, 0xfa, 0x35, 0xfa, 0x0a, 0xf5, 0x3f, 0xc0, 0xaf, 0x40, 0x4f, 0xa0, 0xaf,
    0x53, 0xfc, 0x0a, 0xf3, 0x04, 0xfa, 0x0a, 0xf5, 0x3f, 0xc0, 0xaf, 0x30, 0x4f, 0xa0, 0xaf, 0x53,
    0xfc, 0x0a, 0xf3, 0x04, 0xfa, 0x0a, 0xf5, 0x3f, 0xc0, 0xaf, 0x30, 0x4f, 0xa0, 0xaf, 0x53, 0xfc,
    0x0a, 0xf7, 0x19, 0xfa, 0x0a, 0xf5, 0x3f, 0xc0, 0x7f, 0xff, 0xff, 0xc1, 0xcf, 0x43, 0xfc, 0x01,
    0xbf, 0xfa, 0x9f, 0xff, 0xf2, 0x2f, 0xd0, 0x00, 0x01, 0x02, 0xcf, 0xe6, 0x01, 0xff, 0x62, 0x11,
    0x11, 0x10, 0x10, 0x00, 0x0a, 0xff, 0xff, 0xff, 0xfc, 0x00, 0x00, 0x00, 0x19, 0xdf, 0xff, 0xff,
    0xc0, 0x00, 0x00, 0x00, 0x00, 0x2f, 0xff, 0x50, 0x00, 0x00, 0x00, 0x06, 0xff, 0xf8, 0x00, 0x00,
    0x00, 0x00, 0x9f, 0xcf, 0xc0, 0x00, 0x00, 0x00, 0x0d, 0xf6, 0xff, 0x10, 0x00, 0x00, 0x01, 0xff,
    0x1e, 0xf4, 0x00, 0x00, 0x00, 0x5f, 0xd0, 0xbf, 0x70, 0x00, 0x00, 0x08, 0xf9, 0x07, 0xfb, 0x00,
    0x00, 0x00, 0xcf, 0x60, 0x4f, 0xe0, 0x00, 0x00, 0x1f, 0xf3, 0x01, 0xff, 0x30, 0x00, 0x04, 0xff,
    0x00, 0x0d, 0xf6, 0x00, 0x00, 0x7f, 0xc0, 0x00, 0xaf, 0xa0, 0x00, 0x0b, 0xf9, 0x00, 0x07, 0xfd,
    0x00, 0x00, 0xef, 0x72, 0x22, 0x5f, 0xf2, 0x00, 0x3f, 0xff, 0xff, 0xff, 0xff, 0x50, 0x07, 0xff,
    0xff, 0xff, 0xff, 0xf9, 0x00, 0xaf, 0xb0, 0x00, 0x00, 0x9f, 0xc0, 0x0e, 0xf8, 0x00, 0x00, 0x06,
    0xff, 0x12, 0xff, 0x40, 0x00, 0x00, 0x2f, 0xf4, 0x6f, 0xf1, 0x00, 0x00, 0x00, 0xef, 0x89, 0xfd,
    0x00, 0x00, 0x00, 0x0b, 0xfb, 0x9f, 0xff, 0xff, 0xec, 0x60, 0x09, 0xff, 0xff, 0xff, 0xff, 0x90,
    0x9f, 0xc1, 0x11, 0x3a, 0xff, 0x29, 0xfc, 0x00, 0x00, 0x1f, 0xf5, 0x9f, 0xc0, 0x00, 0x00, 0xff,
    0x79, 0xfc, 0x00, 0x00, 0x0f, 0xf7, 0x9f, 0xc0, 0x00, 0x00, 0xff, 0x79, 0xfc, 0x00, 0x00, 0x2f,
    0xf5, 0x9f, 0xc1, 0x11, 0x3c, 0xfe, 0x19, 0xff, 0xff, 0xff, 0xff, 0x40, 0x9f, 0xff, 0xff, 0xff,
    0xfb, 0x09, 0xfc, 0x00, 0x01, 0x6f, 0xf6, 0x9f, 0xc0, 0x00, 0x00, 0xcf, 0xa9, 0xfc, 0x00, 0x00,
    0x0b, 0xfb, 0x9f, 0xc0, 0x00, 0x00, 0xbf, 0xb9, 0xfc, 0x00, 0x00, 0x0b, 0xfb, 0x9f, 0xc0, 0x00,
    0x00, 0xcf, 0xa9, 0xfc, 0x11, 0x12, 0x6f, 0xf7, 0x9f, 0xff, 0xff, 0xff, 0xfe, 0x19, 0xff, 0xff,
    0xff, 0xd9, 0x20, 0x01, 0x8c, 0xef, 0xff, 0xf1, 0x1c, 0xff, 0xff, 0xff, 0xf1, 0x8f, 0xf8, 0x21,
    0x11, 0x10, 0xcf, 0xa0, 0x00, 0x00, 0x00, 0xef, 0x70, 0x00, 0x00, 0x00, 0xef, 0x70, 0x00, 0x00,
    0x00, 0xef, 0x70, 0x00, 0x00, 0x00, 0xef, 0x70, 0x00, 0x00, 0x00, 0xef, 0x70, 0x00, 0x00, 0x00,
    0xef, 0x70, 0x00, 0x00, 0x00, 0xef, 0x70, 0x00, 0x00, 0x00, 0xef, 0x70, 0x00, 0x00, 0x00, 0xef,
    0x70, 0x00, 0x00, 0x00, 0xef, 0x70, 0x00, 0x00, 0x00, 0xef, 0x70, 0x00, 0x00, 0x00, 0xef, 0x70,
    0x00, 0x00, 0x00, 0xcf, 0xa0, 0x00, 0x00, 0x00, 0x8f, 0xf7, 0x21, 0x11, 0x10, 0x1c, 0xff, 0xff,
    0xff, 0xf1, 0x01, 0x8c, 0xef, 0xff, 0xf1, 0xbf, 0xff, 0xff, 0xec, 0x81, 0x0b, 0xff, 0xff, 0xff,
    0xff, 0xd1, 0xbf, 0xb1, 0x11, 0x27, 0xff, 0x8b, 0xfb, 0x00, 0x00, 0x0b, 0xfb, 0xbf, 0xb0, 0x00,
    0x00, 0x9f, 0xcb, 0xfb, 0x00, 0x00, 0x09, 0xfc, 0xbf, 0xb0, 0x00, 0x00, 0x9f, 0xcb, 0xfb, 0x00,
    0x00, 0x09, 0xfc, 0xbf, 0xb0, 0x00, 0x00, 0x9f, 0xcb, 0xfb, 0x00, 0x00, 0x09, 0xfc, 0xbf, 0xb0,
    0x00, 0x00, 0x9f, 0xcb, 0xfb, 0x00, 0x00, 0x09, 0xfc, 0xbf, 0xb0, 0x00, 0x00, 0x9f, 0xcb, 0xfb,
    0x00, 0x00, 0x09, 0xfc, 0xbf, 0xb0, 0x00, 0x00, 0x9f, 0xcb, 0xfb, 0x00, 0x00, 0x09, 0xfc, 0xbf,
    0xb0, 0x00, 0x00, 0xbf, 0xbb, 0xfb, 0x11, 0x12, 0x6f, 0xf8, 0xbf, 0xff, 0xff, 0xff, 0xfe, 0x2b,
    0xff, 0xff, 0xff, 0xda, 0x20, 0x2f, 0xff, 0xff, 0xff, 0xff, 0x42, 0xff, 0xff, 0xff, 0xff, 0xf4,
    0x2f, 0xf6, 0x11, 0x11, 0x11, 0x02, 0xff, 0x50, 0x00, 0x00, 0x00, 0x2f, 0xf5, 0x00, 0x00, 0x00,
    0x02, 0xff, 0x50, 0x00, 0x00, 0x00, 0x2f, 0xf5, 0x00, 0x00, 0x00, 0x02, 0xff, 0x50, 0x00, 0x00,
    0x00, 0x2f, 0xf6, 0x11, 0x11, 0x11, 0x02, 0xff, 0xff, 0xff, 0xff, 0x80, 0x2f, 0xff, 0xff, 0xff,
    0xf8, 0x02, 0xff, 0x50, 0x00, 0x00, 0x00, 0x2f, 0xf5, 0x00, 0x00, 0x00, 0x02, 0xff, 0x50, 0x00,
    0x00, 0x00, 0x2f, 0xf5, 0x00, 0x00, 0x00, 0x02, 0xff, 0x50, 0x00, 0x00, 0x00, 0x2f, 0xf5, 0x00,
    0x00, 0x00, 0x02, 0xff, 0x61, 0x11, 0x11, 0x10, 0x2f, 0xff, 0xff, 0xff, 0xff, 0x42, 0xff, 0xff,
    0xff, 0xff, 0xf4, 0x0f, 0xff, 0xff, 0xff, 0xff, 0x50, 0xff, 0xff, 0xff, 0xff, 0xf5, 0x0f, 0xf7,
    0x11, 0x11, 0x11, 0x00, 0xff, 0x60, 0x00, 0x00, 0x00, 0x0f, 0xf6, 0x00, 0x00, 0x00, 0x00, 0xff,
    0x60, 0x00, 0x00, 0x00, 0x0f, 0xf6, 0x00, 0x00, 0x00, 0x00, 0xff, 0x60, 0x00, 0x00, 0x00, 0x0f,
    0xf6, 0x00, 0x00, 0x00, 0x00, 0xff, 0xff, 0xff, 0xff, 0x90, 0x0f, 0xff, 0xff, 0xff, 0xf9, 0x00,
    0xff, 0x71, 0x11, 0x11, 0x10, 0x0f, 0xf6, 0x00, 0x00, 0x00, 0x00, 0xff, 0x60, 0x00, 0x00, 0x00,
    0x0f, 0xf6, 0x00, 0x00, 0x00, 0x00, 0xff, 0x60, 0x00, 0x00, 0x00, 0x0f, 0xf6, 0x00, 0x00, 0x00,
    0x00, 0xff, 0x60, 0x00, 0x00, 0x00, 0x0f, 0xf6, 0x00, 0x00, 0x00, 0x00, 0xff, 0x60, 0x00, 0x00,
    0x00, 0x00, 0x3a, 0xdf, 0xff, 0xf9, 0x00, 0x5f, 0xff, 0xff, 0xff, 0x90, 0x0e, 0xfd, 0x42, 0x11,
    0x11, 0x04, 0xff, 0x40, 0x00, 0x00, 0x00, 0x5f, 0xf1, 0x00, 0x00, 0x00, 0x06, 0xff, 0x10, 0x00,
    0x00, 0x00, 0x6f, 0xf1, 0x00, 0x00, 0x00, 0x06, 0xff, 0x10, 0x00, 0x00, 0x00, 0x6f, 0xf1, 0x00,
    0x00, 0x00, 0x06, 0xff, 0x10, 0x01, 0x11, 0x11, 0x6f, 0xf1, 0x04, 0xff, 0xff, 0x76, 0xff, 0x10,
    0x4f, 0xff, 0xf7, 0x6f, 0xf1, 0x00, 0x00, 0xdf, 0x76, 0xff, 0x10, 0x00, 0x0d, 0xf7, 0x6f, 0xf1,
    0x00, 0x00, 0xdf, 0x75, 0xff, 0x10, 0x00, 0x0d, 0xf7, 0x4f, 0xf4, 0x00, 0x00, 0xdf, 0x70, 0xef,
    0xd4, 0x21, 0x1d, 0xf7, 0x05, 0xff, 0xff, 0xff, 0xff, 0x70, 0x03, 0xae, 0xff, 0xff, 0xf7, 0xcf,
    0xa0, 0x00, 0x00, 0x8f, 0xdc, 0xfa, 0x00, 0x00, 0x08, 0xfd, 0xcf, 0xa0, 0x00, 0x00, 0x8f, 0xdc,
    0xfa, 0x00, 0x00, 0x08, 0xfd, 0xcf, 0xa0, 0x00, 0x00, 0x8f, 0xdc, 0xfa, 0x00, 0x00, 0x08, 0xfd,
    0xcf, 0xa0, 0x00, 0x00, 0x8f, 0xdc, 0xfa, 0x00, 0x00, 0x08, 0xfd, 0xcf, 0xb1, 0x11, 0x11, 0x9f,
    0xdc, 0xff, 0xff, 0xff, 0xff, 0xfd, 0xcf, 0xff, 0xff, 0xff, 0xff, 0xdc, 0xfa, 0x00, 0x00, 0x08,
    0xfd, 0xcf, 0xa0, 0x00, 0x00, 0x8f, 0xdc, 0xfa, 0x00, 0x00, 0x08, 0xfd, 0xcf, 0xa0, 0x00, 0x00,
    0x8f, 0xdc, 0xfa, 0x00, 0x00, 0x08, 0xfd, 0xcf, 0xa0, 0x00, 0x00, 0x8f, 0xdc, 0xfa, 0x00, 0x00,
    0x08, 0xfd, 0xcf, 0xa0, 0x00, 0x00, 0x8f, 0xdc, 0xfa, 0x00, 0x00, 0x08, 0xfd, 0x3f, 0xff, 0xff,
    0xff, 0x43, 0xff, 0xff, 0xff, 0xf4, 0x01, 0x1b, 0xfc, 0x11, 0x00, 0x00, 0xaf, 0xc0, 0x00, 0x00,
    0x0a, 0xfc, 0x00, 0x00, 0x00, 0xaf, 0xc0, 0x00, 0x00, 0x0a, 0xfc, 0x00, 0x00, 0x00, 0xaf, 0xc0,
    0x00, 0x00, 0x0a, 0xfc, 0x00, 0x00, 0x00, 0xaf, 0xc0, 0x00, 0x00, 0x0a, 0xfc, 0x00, 0x00, 0x00,
    0xaf, 0xc0, 0x00, 0x00, 0x0a, 0xfc, 0x00, 0x00, 0x00, 0xaf, 0xc0, 0x00, 0x00, 0x0a, 0xfc, 0x00,
    0x00, 0x00, 0xaf, 0xc0, 0x00, 0x00, 0x0a, 0xfc, 0x00, 0x00, 0x11, 0xbf, 0xc1, 0x10, 0x3f, 0xff,
    0xff, 0xff, 0x43, 0xff, 0xff, 0xff, 0xf4, 0x07, 0xff, 0xff, 0xff, 0x70, 0x7f, 0xff, 0xff, 0xf7,
    0x01, 0x11, 0x11, 0xef, 0x70, 0x00, 0x00, 0x0e, 0xf7, 0x00, 0x00, 0x00, 0xef, 0x70, 0x00, 0x00,
    0x0e, 0xf7, 0x00, 0x00, 0x00, 0xef, 0x70, 0x00, 0x00, 0x0e, 0xf7, 0x00, 0x00, 0x00, 0xef, 0x70,
    0x00, 0x00, 0x0e, 0xf7, 0x00, 0x00, 0x00, 0xef, 0x70, 0x00, 0x00, 0x0e, 0xf7, 0x00, 0x00, 0x00,
    0xef, 0x70, 0x00, 0x00, 0x0e, 0xf7, 0x00, 0x00, 0x00, 0xef, 0x70, 0x00, 0x00, 0x0e, 0xf7, 0x00,
    0x00, 0x02, 0xff, 0x51, 0x11, 0x14, 0xcf, 0xe1, 0x8f, 0xff, 0xff, 0xf6, 0x08, 0xff, 0xfe, 0xb4,
    0x00, 0xbf, 0xb0, 0x00, 0x04, 0xff, 0x6b, 0xfb, 0x00, 0x00, 0xdf, 0xc0, 0xbf, 0xb0, 0x00, 0x8f,
    0xf3, 0x0b, 0xfb, 0x00, 0x2f, 0xf8, 0x00, 0xbf, 0xb0, 0x0b, 0xfd, 0x10, 0x0b, 0xfb, 0x05, 0xff,
    0x50, 0x00, 0xbf, 0xb1, 0xef, 0xb0, 0x00, 0x0b, 0xfb, 0x9f, 0xf2, 0x00, 0x00, 0xbf, 0xdf, 0xf8,
    0x00, 0x00, 0x0b, 0xff, 0xff, 0x90, 0x00, 0x00, 0xbf, 0xff, 0xff, 0x20, 0x00, 0x0b, 0xff, 0x8e,
    0xfa, 0x00, 0x00, 0xbf, 0xd0, 0x8f, 0xf2, 0x00, 0x0b, 0xfb, 0x01, 0xef, 0xa0, 0x00, 0xbf, 0xb0,
    0x08, 0xff, 0x30, 0x0b, 0xfb, 0x00, 0x1e, 0xfa, 0x00, 0xbf, 0xb0, 0x00, 0x8f, 0xf3, 0x0b, 0xfb,
    0x00, 0x01, 0xef, 0xb0, 0xbf, 0xb0, 0x00, 0x08, 0xff, 0x4b, 0xfb, 0x00, 0x00, 0x1e, 0xfb, 0xcf,
    0xa0, 0x00, 0x00, 0x0c, 0xfa, 0x00, 0x00, 0x00, 0xcf, 0xa0, 0x00, 0x00, 0x0c, 0xfa, 0x00, 0x00,
    0x00, 0xcf, 0xa0, 0x00, 0x00, 0x0c, 0xfa, 0x00, 0x00, 0x00, 0xcf, 0xa0, 0x00, 0x00, 0x0c, 0xfa,
    0x00, 0x00, 0x00, 0xcf, 0xa0, 0x00, 0x00, 0x0c, 0xfa, 0x00, 0x00, 0x00, 0xcf, 0xa0, 0x00, 0x00,
    0x0c, 0xfa, 0x00, 0x00, 0x00, 0xcf, 0xa0, 0x00, 0x00, 0x0c, 0xfa, 0x00, 0x00, 0x00, 0xcf, 0xa0,
    0x00, 0x00, 0x0c, 0xfa, 0x00, 0x00, 0x00, 0xcf, 0xa0, 0x00, 0x00, 0x0c, 0xfb, 0x22, 0x22, 0x22,
    0xcf, 0xff, 0xff, 0xff, 0xec, 0xff, 0xff, 0xff, 0xfe, 0x8f, 0xff, 0x70, 0x00, 0x3f, 0xff, 0xa8,
    0xff, 0xfb, 0x00, 0x07, 0xff, 0xfa, 0x8f, 0xef, 0xe0, 0x00, 0xaf, 0xef, 0xa8, 0xfa, 0xff, 0x20,
    0x0d, 0xfa, 0xfa, 0x8f, 0x9c, 0xf5, 0x02, 0xfd, 0x8f, 0xa8, 0xf9, 0x8f, 0x90, 0x5f, 0xa8, 0xfa,
    0x8f, 0x95, 0xfc, 0x08, 0xf6, 0x8f, 0xa8, 0xf9, 0x1f, 0xf0, 0xcf, 0x28, 0xfa, 0x8f, 0x90, 0xcf,
    0x4f, 0xd0, 0x8f, 0xa8, 0xf9, 0x09, 0xfa, 0xfa, 0x08, 0xfa, 0x8f, 0x90, 0x5f, 0xff, 0x60, 0x8f,
    0xa8, 0xf9, 0x01, 0xff, 0xf2, 0x08, 0xfa, 0x8f, 0x90, 0x0d, 0xfd, 0x00, 0x8f, 0xa8, 0xf9, 0x00,
    0x34, 0x30, 0x08, 0xfa, 0x8f, 0x90, 0x00, 0x00, 0x00, 0x8f, 0xa8, 0xf9, 0x00, 0x00, 0x00, 0x08,
    0xfa, 0x8f, 0x90, 0x00, 0x00, 0x00, 0x8f, 0xa8, 0xf9, 0x00, 0x00, 0x00, 0x08, 0xfa, 0x8f, 0x90,
    0x00, 0x00, 0x00, 0x8f, 0xa8, 0xf9, 0x00, 0x00, 0x00, 0x08, 0xfa, 0xcf, 0xff, 0x50, 0x00, 0x6f,
    0xdc, 0xff, 0xf8, 0x00, 0x06, 0xfd, 0xcf, 0xef, 0xc0, 0x00, 0x6f, 0xdc, 0xfa, 0xff, 0x10, 0x06,
    0xfd, 0xcf, 0x7e, 0xf4, 0x00, 0x6f, 0xdc, 0xf7, 0xbf, 0x80, 0x06, 0xfd, 0xcf, 0x77, 0xfc, 0x00,
    0x6f, 0xdc, 0xf7, 0x3f, 0xf1, 0x06, 0xfd, 0xcf, 0x70, 0xef, 0x40, 0x6f, 0xdc, 0xf7, 0x0b, 0xf8,
    0x06, 0xfd, 0xcf, 0x70, 0x7f, 0xc0, 0x6f, 0xdc, 0xf7, 0x03, 0xff, 0x16, 0xfd, 0xcf, 0x70, 0x0e,
    0xf4, 0x6f, 0xdc, 0xf7, 0x00, 0xbf, 0x86, 0xfd, 0xcf, 0x70, 0x07, 0xfc, 0x6f, 0xdc, 0xf7, 0x00,
    0x4f, 0xf6, 0xfd, 0xcf, 0x70, 0x00, 0xef, 0xaf, 0xdc, 0xf7, 0x00, 0x0b, 0xfe, 0xfd, 0xcf, 0x70,
    0x00, 0x7f, 0xff, 0xdc, 0xf7, 0x00, 0x04, 0xff, 0xfd, 0x00, 0x18, 0xde, 0xff, 0xd9, 0x20, 0x00,
    0x1d, 0xff, 0xff, 0xff, 0xfe, 0x20, 0x09, 0xff, 0x72, 0x12, 0x6e, 0xfb, 0x00, 0xef, 0x90, 0x00,
    0x00, 0x7f, 0xf0, 0x0f, 0xf6, 0x00, 0x00, 0x04, 0xff, 0x21, 0xff, 0x60, 0x00, 0x00, 0x4f, 0xf2,
    0x1f, 0xf6, 0x00, 0x00, 0x04, 0xff, 0x21, 0xff, 0x60, 0x00, 0x00, 0x4f, 0xf2, 0x1f, 0xf6, 0x00,
    0x00, 0x04, 0xff, 0x21, 0xff, 0x60, 0x00, 0x00, 0x4f, 0xf2, 0x1f, 0xf6, 0x00, 0x00, 0x04, 0xff,
    0x21, 0xff, 0x60, 0x00, 0x00, 0x4f, 0xf2, 0x1f, 0xf6, 0x00, 0x00, 0x04, 0xff, 0x21, 0xff, 0x60,
    0x00, 0x00, 0x4f, 0xf2, 0x1f, 0xf6, 0x00, 0x00, 0x04, 0xff, 0x20, 0xff, 0x60, 0x00, 0x00, 0x4f,
    0xf2, 0x0e, 0xf9, 0x00, 0x00, 0x07, 0xff, 0x10, 0x9f, 0xf7, 0x21, 0x26, 0xef, 0xb0, 0x01, 0xdf,
    0xff, 0xff, 0xff, 0xe2, 0x00, 0x01, 0x8d, 0xff, 0xfd, 0x92, 0x00, 0x7f, 0xff, 0xff, 0xec, 0x70,
    0x07, 0xff, 0xff, 0xff, 0xff, 0xb0, 0x7f, 0xe1, 0x11, 0x28, 0xff, 0x57, 0xfe, 0x00, 0x00, 0x0e,
    0xf8, 0x7f, 0xe0, 0x00, 0x00, 0xcf, 0x97, 0xfe, 0x00, 0x00, 0x0c, 0xf9, 0x7f, 0xe0, 0x00, 0x00,
    0xcf, 0x97, 0xfe, 0x00, 0x00, 0x0c, 0xf9, 0x7f, 0xe0, 0x00, 0x00, 0xdf, 0x87, 0xfe, 0x00, 0x01,
    0x6f, 0xf5, 0x7f, 0xff, 0xff, 0xff, 0xfc, 0x07, 0xff, 0xff, 0xff, 0xe9, 0x10, 0x7f, 0xe1, 0x11,
    0x10, 0x00, 0x07, 0xfe, 0x00, 0x00, 0x00, 0x00, 0x7f, 0xe0, 0x00, 0x00, 0x00, 0x07, 0xfe, 0x00,
    0x00, 0x00, 0x00, 0x7f, 0xe0, 0x00, 0x00, 0x00, 0x07, 0xfe, 0x00, 0x00, 0x00, 0x00, 0x7f, 0xe0,
    0x00, 0x00, 0x00, 0x07, 0xfe, 0x00, 0x00, 0x00, 0x00, 0x00, 0x18, 0xde, 0xff, 0xd9, 0x20, 0x00,
    0x01, 0xdf, 0xff, 0xff, 0xff, 0xe2, 0x00, 0x09, 0xff, 0x72, 0x12, 0x6e, 0xfb, 0x00, 0x0e, 0xf9,
    0x00, 0x00, 0x07, 0xff, 0x00, 0x0f, 0xf6, 0x00, 0x00, 0x04, 0xff, 0x20, 0x1f, 0xf6, 0x00, 0x00,
    0x04, 0xff, 0x20, 0x1f, 0xf6, 0x00, 0x00, 0x04, 0xff, 0x20, 0x1f, 0xf6, 0x00, 0x00, 0x04, 0xff,
    0x20, 0x1f, 0xf6, 0x00, 0x00, 0x04, 0xff, 0x20, 0x1f, 0xf6, 0x00, 0x00, 0x04, 0xff, 0x20, 0x1f,
    0xf6, 0x00, 0x00, 0x04, 0xff, 0x20, 0x1f, 0xf6, 0x00, 0x00, 0x04, 0xff, 0x20, 0x1f, 0xf6, 0x00,
    0x00, 0x04, 0xff, 0x20, 0x1f, 0xf6, 0x00, 0x00, 0x04, 0xff, 0x20, 0x1f, 0xf6, 0x00, 0x00, 0x04,
    0xff, 0x20, 0x0f, 0xf6, 0x00, 0x00, 0x04, 0xff, 0x20, 0x0e, 0xf9, 0x00, 0x00, 0x07, 0xff, 0x00,
    0x09, 0xff, 0x72, 0x12, 0x6e, 0xfb, 0x00, 0x01, 0xdf, 0xff, 0xff, 0xff, 0xfd, 0x20, 0x00, 0x18,
    0xdf, 0xff, 0xd9, 0xef, 0xd2, 0x00, 0x00, 0x00, 0x00, 0x00, 0x4e, 0xe3, 0x00, 0x00, 0x00, 0x00,
    0x00, 0x04, 0x30, 0x1f, 0xff, 0xff, 0xfd, 0xa2, 0x00, 0x01, 0xff, 0xff, 0xff, 0xff, 0xe3, 0x00,
    0x1f, 0xf7, 0x11, 0x24, 0xef, 0xb0, 0x01, 0xff, 0x60, 0x00, 0x08, 0xfe, 0x00, 0x1f, 0xf6, 0x00,
    0x00, 0x6f, 0xf0, 0x01, 0xff, 0x60, 0x00, 0x06, 0xff, 0x10, 0x1f, 0xf6, 0x00, 0x00, 0x6f, 0xf1,
    0x01, 0xff, 0x60, 0x00, 0x06, 0xff, 0x00, 0x1f, 0xf6, 0x00, 0x00, 0x8f, 0xe0, 0x01, 0xff, 0x71,
    0x12, 0x4e, 0xfa, 0x00, 0x1f, 0xff, 0xff, 0xff, 0xfe, 0x20, 0x01, 0xff, 0xff, 0xff, 0xfb, 0x10,
    0x00, 0x1f, 0xf6, 0x00, 0xaf, 0xe1, 0x00, 0x01, 0xff, 0x60, 0x03, 0xff, 0x60, 0x00, 0x1f, 0xf6,
    0x00, 0x0b, 0xfd, 0x00, 0x01, 0xff, 0x60, 0x00, 0x4f, 0xf5, 0x00, 0x1f, 0xf6, 0x00, 0x00, 0xcf,
    0xc0, 0x01, 0xff, 0x60, 0x00, 0x06, 0xff, 0x40, 0x1f, 0xf6, 0x00, 0x00, 0x0e, 0xfb, 0x01, 0xff,
    0x60, 0x00, 0x00, 0x7f, 0xf3, 0x00, 0x29, 0xdf, 0xff, 0xfd, 0x00, 0x3e, 0xff, 0xff, 0xff, 0xd0,
    0x0b, 0xfe, 0x62, 0x11, 0x11, 0x01, 0xff, 0x70, 0x00, 0x00, 0x00, 0x3f, 0xf4, 0x00, 0x00, 0x00,
    0x03, 0xff, 0x40, 0x00, 0x00, 0x00, 0x3f, 0xf4, 0x00, 0x00, 0x00, 0x01, 0xff, 0x60, 0x00, 0x00,
    0x00, 0x0b, 0xfe, 0x41, 0x10, 0x00, 0x00, 0x3e, 0xff, 0xff, 0xd7, 0x00, 0x00, 0x3a, 0xef, 0xff,
    0xf8, 0x00, 0x00, 0x00, 0x01, 0xaf, 0xe1, 0x00, 0x00, 0x00, 0x03, 0xff, 0x30, 0x00, 0x00, 0x00,
    0x2f, 0xf4, 0x00, 0x00, 0x00, 0x02, 0xff, 0x40, 0x00, 0x00, 0x00, 0x2f, 0xf4, 0x00, 0x00, 0x00,
    0x05, 0xff, 0x30, 0x11, 0x11, 0x25, 0xdf, 0xd0, 0x0b, 0xff, 0xff, 0xff, 0xf4, 0x00, 0xbf, 0xff,
    0xfd, 0xa3, 0x00, 0x2f, 0xff, 0xff, 0xff, 0xff, 0xff, 0x32, 0xff, 0xff, 0xff, 0xff, 0xff, 0xf3,
    0x01, 0x11, 0x1b, 0xfc, 0x11, 0x11, 0x00, 0x00, 0x00, 0xaf, 0xc0, 0x00, 0x00, 0x00, 0x00, 0x0a,
    0xfc, 0x00, 0x00, 0x00, 0x00, 0x00, 0xaf, 0xc0, 0x00, 0x00, 0x00, 0x00, 0x0a, 0xfc, 0x00, 0x00,
    0x00, 0x00, 0x00, 0xaf, 0xc0, 0x00, 0x00, 0x00, 0x00, 0x0a, 0xfc, 0x00, 0x00, 0x00, 0x00, 0x00,
    0xaf, 0xc0, 0x00, 0x00, 0x00, 0x00, 0x0a, 0xfc, 0x00, 0x00, 0x00, 0x00, 0x00, 0xaf, 0xc0, 0x00,
    0x00, 0x00, 0x00, 0x0a, 0xfc, 0x00, 0x00, 0x00, 0x00, 0x00, 0xaf, 0xc0, 0x00, 0x00, 0x00, 0x00,
    0x0a, 0xfc, 0x00, 0x00, 0x00, 0x00, 0x00, 0xaf, 0xc0, 0x00, 0x00, 0x00, 0x00, 0x0a, 0xfc, 0x00,
    0x00, 0x00, 0x00, 0x00, 0xaf, 0xc0, 0x00, 0x00, 0x00, 0x00, 0x0a, 0xfc, 0x00, 0x00, 0x00, 0x00,
    0x00, 0xaf, 0xc0, 0x00, 0x00, 0xdf, 0x90, 0x00, 0x00, 0x8f, 0xed, 0xf9, 0x00, 0x00, 0x08, 0xfe,
    0xdf, 0x90, 0x00, 0x00, 0x8f, 0xed, 0xf9, 0x00, 0x00, 0x08, 0xfe, 0xdf, 0x90, 0x00, 0x00, 0x8f,
    0xed, 0xf9, 0x00, 0x00, 0x08, 0xfe, 0xdf, 0x90, 0x00, 0x00, 0x8f, 0xed, 0xf9, 0x00, 0x00, 0x08,
    0xfe, 0xdf, 0x90, 0x00, 0x00, 0x8f, 0xed, 0xf9, 0x00, 0x00, 0x08, 0xfe, 0xdf, 0x90, 0x00, 0x00,
    0x8f, 0xed, 0xf9, 0x00, 0x00, 0x08, 0xfe, 0xdf, 0x90, 0x00, 0x00, 0x8f, 0xed, 0xf9, 0x00, 0x00,
    0x08, 0xfe, 0xdf, 0x90, 0x00, 0x00, 0x8f, 0xec, 0xf9, 0x00, 0x00, 0x08, 0xfe, 0xbf, 0xc0, 0x00,
    0x00, 0xaf, 0xc6, 0xff, 0x92, 0x12, 0x8f, 0xf7, 0x0b, 0xff, 0xff, 0xff, 0xfc, 0x10, 0x07, 0xce,
    0xfe, 0xc7, 0x10, 0x5f, 0xf2, 0x00, 0x00, 0x02, 0xff, 0x42, 0xff, 0x50, 0x00, 0x00, 0x5f, 0xf1,
    0x0e, 0xf8, 0x00, 0x00, 0x08, 0xfd, 0x00, 0xbf, 0xb0, 0x00, 0x00, 0xbf, 0xa0, 0x08, 0xfd, 0x00,
    0x00, 0x0e, 0xf6, 0x00, 0x5f, 0xf1, 0x00, 0x02, 0xff, 0x30, 0x01, 0xff, 0x40, 0x00, 0x5f, 0xe0,
    0x00, 0x0d, 0xf7, 0x00, 0x08, 0xfb, 0x00, 0x00, 0xaf, 0xa0, 0x00, 0xbf, 0x80, 0x00, 0x07, 0xfd,
    0x00, 0x0e, 0xf5, 0x00, 0x00, 0x4f, 0xf1, 0x03, 0xff, 0x10, 0x00, 0x01, 0xff, 0x40, 0x6f, 0xd0,
    0x00, 0x00, 0x0d, 0xf6, 0x09, 0xfa, 0x00, 0x00, 0x00, 0xaf, 0x90, 0xcf, 0x70, 0x00, 0x00, 0x07,
    0xfc, 0x0f, 0xf3, 0x00, 0x00, 0x00, 0x4f, 0xf3, 0xff, 0x00, 0x00, 0x00, 0x01, 0xff, 0x9f, 0xc0,
    0x00, 0x00, 0x00, 0x0c, 0xfe, 0xf8, 0x00, 0x00, 0x00, 0x00, 0x9f, 0xff, 0x50, 0x00, 0x00, 0x00,
    0x06, 0xff, 0xf2, 0x00, 0x00, 0x8f, 0x80, 0x00, 0x00, 0x00, 0x6f, 0x88, 0xf9, 0x00, 0x00, 0x00,
    0x07, 0xf8, 0x7f, 0x90, 0x00, 0x00, 0x00, 0x7f, 0x76, 0xfa, 0x00, 0x00, 0x00, 0x08, 0xf6, 0x6f,
    0xb0, 0x00, 0x00, 0x00, 0x9f, 0x55, 0xfb, 0x00, 0x00, 0x00, 0x09, 0xf5, 0x4f, 0xc0, 0x00, 0x00,
    0x00, 0xaf, 0x43, 0xfd, 0x00, 0x00, 0x00, 0x0b, 0xf3, 0x3f, 0xe0, 0x04, 0x94, 0x00, 0xcf, 0x32,
    0xfe, 0x00, 0x9f, 0xa0, 0x0c, 0xf2, 0x1f, 0xf0, 0x0d, 0xfe, 0x00, 0xdf, 0x10, 0xff, 0x11, 0xff,
    0xf3, 0x0e, 0xf0, 0x0f, 0xf1, 0x5f, 0xbf, 0x60, 0xef, 0x00, 0xef, 0x29, 0xf5, 0xfa, 0x0f, 0xe0,
    0x0d, 0xf3, 0xde, 0x0f, 0xe1, 0xfd, 0x00, 0xdf, 0x5f, 0xb0, 0xcf, 0x4f, 0xd0, 0x0c, 0xf9, 0xf7,
    0x09, 0xf9, 0xfc, 0x00, 0xbf, 0xdf, 0x40, 0x6f, 0xdf, 0xb0, 0x0b, 0xff, 0xf1, 0x03, 0xff, 0xfa,
    0x00, 0xaf, 0xfd, 0x00, 0x0f, 0xff, 0xa0, 0x0d, 0xfb, 0x00, 0x00, 0x06, 0xff, 0x30, 0x7f, 0xf3,
    0x00, 0x00, 0xdf, 0xb0, 0x01, 0xef, 0xa0, 0x00, 0x5f, 0xf4, 0x00, 0x08, 0xff, 0x20, 0x0c, 0xfc,
    0x00, 0x00, 0x1f, 0xf8, 0x05, 0xff, 0x50, 0x00, 0x00, 0x9f, 0xe1, 0xcf, 0xc0, 0x00, 0x00, 0x03,
    0xff, 0xaf, 0xf5, 0x00, 0x00, 0x00, 0x0b, 0xff, 0xfd, 0x00, 0x00, 0x00, 0x00, 0x4f, 0xff, 0x60,
    0x00, 0x00, 0x00, 0x00, 0xdf, 0xf1, 0x00, 0x00, 0x00, 0x00, 0x2f, 0xff, 0x40, 0x00, 0x00, 0x00,
    0x08, 0xff, 0xfb, 0x00, 0x00, 0x00, 0x01, 0xef, 0xef, 0xf3, 0x00, 0x00, 0x00, 0x8f, 0xf3, 0xef,
    0xa0, 0x00, 0x00, 0x1e, 0xfa, 0x08, 0xff, 0x20, 0x00, 0x07, 0xff, 0x30, 0x1f, 0xf9, 0x00, 0x00,
    0xdf, 0xb0, 0x00, 0x9f, 0xf1, 0x00, 0x6f, 0xf4, 0x00, 0x03, 0xff, 0x80, 0x0d, 0xfc, 0x00, 0x00,
    0x0b, 0xfe, 0x15, 0xff, 0x40, 0x00, 0x00, 0x4f, 0xf7, 0x8f, 0xf2, 0x00, 0x00, 0x00, 0xdf, 0x91,
    0xff, 0x90, 0x00, 0x00, 0x5f, 0xf2, 0x09, 0xfe, 0x10, 0x00, 0x0c, 0xfa, 0x00, 0x2f, 0xf7, 0x00,
    0x04, 0xff, 0x30, 0x00, 0xaf, 0xd0, 0x00, 0xaf, 0xb0, 0x00, 0x03, 0xff, 0x50, 0x2f, 0xf4, 0x00,
    0x00, 0x0b, 0xfc, 0x08, 0xfc, 0x00, 0x00, 0x00, 0x4f, 0xf4, 0xef, 0x50, 0x00, 0x00, 0x00, 0xcf,
    0xef, 0xc0, 0x00, 0x00, 0x00, 0x05, 0xff, 0xf5, 0x00, 0x00, 0x00, 0x00, 0x0d, 0xfd, 0x00, 0x00,
    0x00, 0x00, 0x00, 0xbf, 0xc0, 0x00, 0x00, 0x00, 0x00, 0x0b, 0xfc, 0x00, 0x00, 0x00, 0x00, 0x00,
    0xbf, 0xc0, 0x00, 0x00, 0x00, 0x00, 0x0b, 0xfc, 0x00, 0x00, 0x00, 0x00, 0x00, 0xbf, 0xc0, 0x00,
    0x00, 0x00, 0x00, 0x0b, 0xfc, 0x00, 0x00, 0x00, 0x00, 0x00, 0xbf, 0xc0, 0x00, 0x00, 0x00, 0x00,
    0x0b, 0xfc, 0x00, 0x00, 0x00, 0x00, 0x00, 0xbf, 0xc0, 0x00, 0x00, 0x0e, 0xff, 0xff, 0xff, 0xff,
    0x90, 0xef, 0xff, 0xff, 0xff, 0xf9, 0x01, 0x11, 0x11, 0x13, 0xff, 0x90, 0x00, 0x00, 0x00, 0x9f,
    0xf3, 0x00, 0x00, 0x00, 0x2f, 0xfa, 0x00, 0x00, 0x00, 0x09, 0xff, 0x30, 0x00, 0x00, 0x02, 0xff,
    0xa0, 0x00, 0x00, 0x00, 0x9f, 0xf3, 0x00, 0x00, 0x00, 0x2f, 0xfa, 0x00, 0x00, 0x00, 0x09, 0xff,
    0x30, 0x00, 0x00, 0x02, 0xff, 0xa0, 0x00, 0x00, 0x00, 0x9f, 0xf3, 0x00, 0x00, 0x00, 0x1f, 0xfa,
    0x00, 0x00, 0x00, 0x09, 0xff, 0x30, 0x00, 0x00, 0x01, 0xff, 0xa0, 0x00, 0x00, 0x00, 0x8f, 0xf3,
    0x00, 0x00, 0x00, 0x1e, 0xfa, 0x00, 0x00, 0x00, 0x07, 0xff, 0x41, 0x11, 0x11, 0x10, 0x8f, 0xff,
    0xff, 0xff, 0xff, 0x58, 0xff, 0xff, 0xff, 0xff, 0xf5, 0x11, 0x11, 0x11, 0x16, 0xff, 0xff, 0xf8,
    0x6f, 0xff, 0xff, 0x86, 0xfd, 0x00, 0x00, 0x6f, 0xd0, 0x00, 0x06, 0xfd, 0x00, 0x00, 0x6f, 0xd0,
    0x00, 0x06, 0xfd, 0x00, 0x00, 0x6f, 0xd0, 0x00, 0x06, 0xfd, 0x00, 0x00, 0x6f, 0xd0, 0x00, 0x06,
    0xfd, 0x00, 0x00, 0x6f, 0xd0, 0x00, 0x06, 0xfd, 0x00, 0x00, 0x6f, 0xd0, 0x00, 0x06, 0xfd, 0x00,
    0x00, 0x6f, 0xd0, 0x00, 0x06, 0xfd, 0x00, 0x00, 0x6f, 0xd0, 0x00, 0x06, 0xfd, 0x00, 0x00, 0x6f,
    0xd0, 0x00, 0x06, 0xfd, 0x00, 0x00, 0x6f, 0xd0, 0x00, 0x06, 0xfd, 0x00, 0x00, 0x6f, 0xd1, 0x11,
    0x16, 0xff, 0xff, 0xf8, 0x6f, 0xff, 0xff, 0x80, 0x6f, 0xe0, 0x00, 0x00, 0x00, 0x00, 0x01, 0xef,
    0x50, 0x00, 0x00, 0x00, 0x00, 0x0a, 0xfb, 0x00, 0x00, 0x00, 0x00, 0x00, 0x4f, 0xf2, 0x00, 0x00,
    0x00, 0x00, 0x00, 0xdf, 0x70, 0x00, 0x00, 0x00, 0x00, 0x07, 0xfd, 0x00, 0x00, 0x00, 0x00, 0x00,
    0x2f, 0xf4, 0x00, 0x00, 0x00, 0x00, 0x00, 0xbf, 0x90, 0x00, 0x00, 0x00, 0x00, 0x05, 0xfe, 0x10,
    0x00, 0x00, 0x00, 0x00, 0x0e, 0xf6, 0x00, 0x00, 0x00, 0x00, 0x00, 0x9f, 0xc0, 0x00, 0x00, 0x00,
    0x00, 0x03, 0xff, 0x20, 0x00, 0x00, 0x00, 0x00, 0x0c, 0xf8, 0x00, 0x00, 0x00, 0x00, 0x00, 0x6f,
    0xe0, 0x00, 0x00, 0x00, 0x00, 0x01, 0xff, 0x50, 0x00, 0x00, 0x00, 0x00, 0x0a, 0xfa, 0x00, 0x00,
    0x00, 0x00, 0x00, 0x4f, 0xf1, 0x00, 0x00, 0x00, 0x00, 0x00, 0xdf, 0x70, 0x00, 0x00, 0x00, 0x00,
    0x08, 0xfd, 0x00, 0x00, 0x00, 0x00, 0x00, 0x2f, 0xf3, 0x00, 0x00, 0x00, 0x00, 0x00, 0xbf, 0x90,
    0x00, 0x00, 0x00, 0x00, 0x05, 0xfe, 0x10, 0x00, 0x00, 0x00, 0x00, 0x0e, 0xf6, 0x00, 0x00, 0x00,
    0x00, 0x00, 0x9f, 0xb0, 0x00, 0x00, 0x00, 0x00, 0x03, 0xff, 0x20, 0x00, 0x00, 0x00, 0x00, 0x0c,
    0xf8, 0x11, 0x11, 0x11, 0x16, 0xff, 0xff, 0xf8, 0x6f, 0xff, 0xff, 0x80, 0x00, 0x0b, 0xf8, 0x00,
    0x00, 0xbf, 0x80, 0x00, 0x0b, 0xf8, 0x00, 0x00, 0xbf, 0x80, 0x00, 0x0b, 0xf8, 0x00, 0x00, 0xbf,
    0x80, 0x00, 0x0b, 0xf8, 0x00, 0x00, 0xbf, 0x80, 0x00, 0x0b, 0xf8, 0x00, 0x00, 0xbf, 0x80, 0x00,
    0x0b, 0xf8, 0x00, 0x00, 0xbf, 0x80, 0x00, 0x0b, 0xf8, 0x00, 0x00, 0xbf, 0x80, 0x00, 0x0b, 0xf8,
    0x00, 0x00, 0xbf, 0x80, 0x00, 0x0b, 0xf8, 0x00, 0x00, 0xbf, 0x80, 0x00, 0x0b, 0xf8, 0x00, 0x00,
    0xbf, 0x80, 0x00, 0x0b, 0xf8, 0x11, 0x11, 0xbf, 0x86, 0xff, 0xff, 0xf8, 0x6f, 0xff, 0xff, 0x80,
    0x00, 0x01, 0x78, 0x82, 0x00, 0x00, 0x00, 0x06, 0xff, 0xf9, 0x00, 0x00, 0x00, 0x0c, 0xfc, 0xff,
    0x10, 0x00, 0x00, 0x4f, 0xf2, 0xdf, 0x70, 0x00, 0x00, 0xaf, 0xb0, 0x8f, 0xd0, 0x00, 0x02, 0xff,
    0x50, 0x2f, 0xf4, 0x00, 0x08, 0xfd, 0x00, 0x0c, 0xfa, 0x00, 0x0e, 0xf7, 0x00, 0x06, 0xff, 0x20,
    0x6f, 0xf1, 0x00, 0x01, 0xef, 0x70, 0xcf, 0xa0, 0x00, 0x00, 0x9f, 0xd0, 0x11, 0x11, 0x11, 0x11,
    0x11, 0x11, 0x11, 0x18, 0xff, 0xff, 0xff, 0xff, 0xff, 0xff, 0xf9, 0x8f, 0xff, 0xff, 0xff, 0xff,
    0xff, 0xff, 0x90, 0x2d, 0xfc, 0x00, 0x00, 0x3e, 0xf9, 0x00, 0x00, 0x5f, 0xf5, 0x00, 0x00, 0x6f,
    0xe2, 0x00, 0xff, 0xff, 0xfd, 0x92, 0x00, 0x00, 0x0f, 0xff, 0xff, 0xff, 0xd1, 0x00, 0x00, 0x11,
    0x11, 0x25, 0xef, 0x80, 0x00, 0x00, 0x00, 0x00, 0x09, 0xfb, 0x00, 0x00, 0x00, 0x00, 0x00, 0x8f,
    0xc0, 0x00, 0x05, 0xcf, 0xff, 0xff, 0xfc, 0x00, 0x05, 0xff, 0xff, 0xff, 0xff, 0xc0, 0x00, 0xdf,
    0xc3, 0x11, 0x19, 0xfc, 0x00, 0x1f, 0xf5, 0x00, 0x00, 0x8f, 0xc0, 0x02, 0xff, 0x40, 0x00, 0x08,
    0xfc, 0x00, 0x2f, 0xf4, 0x00, 0x00, 0x9f, 0xc0, 0x00, 0xef, 0xa2, 0x11, 0x2d, 0xfe, 0x30, 0x09,
    0xff, 0xff, 0xff, 0xff, 0xff, 0x30, 0x08, 0xdf, 0xff, 0xe9, 0x7e, 0xf3, 0x8f, 0xc0, 0x00, 0x00,
    0x00, 0x08, 0xfc, 0x00, 0x00, 0x00, 0x00, 0x8f, 0xc0, 0x00, 0x00, 0x00, 0x08, 0xfc, 0x00, 0x00,
    0x00, 0x00, 0x8f, 0xc0, 0x00, 0x00, 0x00, 0x08, 0xfc, 0x00, 0x00, 0x00, 0x00, 0x8f, 0xeb, 0xef,
    0xfd, 0x81, 0x08, 0xff, 0xff, 0xff, 0xff, 0xd1, 0x8f, 0xf7, 0x21, 0x27, 0xff, 0x68, 0xfd, 0x00,
    0x00, 0x0c, 0xf9, 0x8f, 0xc0, 0x00, 0x00, 0xbf, 0xa8, 0xfc, 0x00, 0x00, 0x0b, 0xfa, 0x8f, 0xc0,
    0x00, 0x00, 0xbf, 0xa8, 0xfc, 0x00, 0x00, 0x0b, 0xfa, 0x8f, 0xc0, 0x00, 0x00, 0xbf, 0xa8, 0xfc,
    0x00, 0x00, 0x0b, 0xfa, 0x8f, 0xc0, 0x00, 0x00, 0xcf, 0x98, 0xfc, 0x11, 0x12, 0x7f, 0xf6, 0x8f,
    0xff, 0xff, 0xff, 0xfc, 0x08, 0xff, 0xff, 0xff, 0xd8, 0x10, 0x01, 0x8d, 0xef, 0xff, 0xb0, 0xcf,
    0xff, 0xff, 0xfb, 0x5f, 0xf7, 0x21, 0x11, 0x18, 0xfc, 0x00, 0x00, 0x00, 0xaf, 0xb0, 0x00, 0x00,
    0x0a, 0xfb, 0x00, 0x00, 0x00, 0xaf, 0xb0, 0x00, 0x00, 0x0a, 0xfb, 0x00, 0x00, 0x00, 0xaf, 0xb0,
    0x00, 0x00, 0x0a, 0xfb, 0x00, 0x00, 0x00, 0x9f, 0xc0, 0x00, 0x00, 0x05, 0xff, 0x72, 0x11, 0x11,
    0x0c, 0xff, 0xff, 0xff, 0xb0, 0x18, 0xdf, 0xff, 0xfb, 0x00, 0x00, 0x00, 0x00, 0xaf, 0xb0, 0x00,
    0x00, 0x00, 0x0a, 0xfb, 0x00, 0x00, 0x00, 0x00, 0xaf, 0xb0, 0x00, 0x00, 0x00, 0x0a, 0xfb, 0x00,
    0x00, 0x00, 0x00, 0xaf, 0xb0, 0x00, 0x00, 0x00, 0x0a, 0xfb, 0x01, 0x8d, 0xef, 0xff, 0xff, 0xb0,
    0xcf, 0xff, 0xff, 0xff, 0xfb, 0x5f, 0xf7, 0x21, 0x11, 0xaf, 0xb8, 0xfc, 0x00, 0x00, 0x0a, 0xfb,
    0xaf, 0xb0, 0x00, 0x00, 0xaf, 0xba, 0xfb, 0x00, 0x00, 0x0a, 0xfb, 0xaf, 0xb0, 0x00, 0x00, 0xaf,
    0xba, 0xfb, 0x00, 0x00, 0x0a, 0xfb, 0xaf, 0xb0, 0x00, 0x00, 0xaf, 0xba, 0xfb, 0x00, 0x00, 0x0a,
    0xfb, 0x9f, 0xc0, 0x00, 0x00, 0xaf, 0xb5, 0xff, 0x72, 0x12, 0x5f, 0xfb, 0x0c, 0xff, 0xff, 0xff,
    0xff, 0xb0, 0x18, 0xdf, 0xff, 0xcb, 0xfb, 0x00, 0x7d, 0xef, 0xfd, 0x81, 0x00, 0xaf, 0xff, 0xff,
    0xff, 0xb0, 0x2f, 0xf9, 0x21, 0x28, 0xff, 0x35, 0xff, 0x10, 0x00, 0x0e, 0xf6, 0x6f, 0xf0, 0x00,
    0x00, 0xdf, 0x76, 0xff, 0x21, 0x11, 0x1d, 0xf7, 0x6f, 0xff, 0xff, 0xff, 0xff, 0x76, 0xff, 0xff,
    0xff, 0xff, 0xf7, 0x6f, 0xf0, 0x00, 0x00, 0x00, 0x06, 0xff, 0x00, 0x00, 0x00, 0x00, 0x5f, 0xf1,
    0x00, 0x00, 0x00, 0x01, 0xff, 0xa3, 0x11, 0x11, 0x10, 0x09, 0xff, 0xff, 0xff, 0xf8, 0x00, 0x06,
    0xce, 0xff, 0xff, 0x80, 0x00, 0x00, 0x7d, 0xff, 0xff, 0x50, 0x00, 0x6f, 0xff, 0xff, 0xf5, 0x00,
    0x0b, 0xfb, 0x21, 0x11, 0x00, 0x00, 0xdf, 0x80, 0x00, 0x00, 0x00, 0x0d, 0xf8, 0x00, 0x00, 0x00,
    0x00, 0xdf, 0x80, 0x00, 0x00, 0x4f, 0xff, 0xff, 0xff, 0xff, 0x14, 0xff, 0xff, 0xff, 0xff, 0xf1,
    0x01, 0x1d, 0xf9, 0x11, 0x11, 0x00, 0x00, 0xdf, 0x80, 0x00, 0x00, 0x00, 0x0d, 0xf8, 0x00, 0x00,
    0x00, 0x00, 0xdf, 0x80, 0x00, 0x00, 0x00, 0x0d, 0xf8, 0x00, 0x00, 0x00, 0x00, 0xdf, 0x80, 0x00,
    0x00, 0x00, 0x0d, 0xf8, 0x00, 0x00, 0x00, 0x00, 0xdf, 0x80, 0x00, 0x00, 0x00, 0x0d, 0xf8, 0x00,
    0x00, 0x00, 0x11, 0xdf, 0x91, 0x11, 0x00, 0x4f, 0xff, 0xff, 0xff, 0xe0, 0x04, 0xff, 0xff, 0xff,
    0xfe, 0x00, 0x02, 0xad, 0xff, 0xff, 0xff, 0xa0, 0x3e, 0xff, 0xff, 0xff, 0xff, 0xa0, 0xaf, 0xe5,
    0x21, 0x11, 0xbf, 0xa0, 0xdf, 0x70, 0x00, 0x00, 0xbf, 0xa0, 0xff, 0x60, 0x00, 0x00, 0xbf, 0xa0,
    0xff, 0x60, 0x00, 0x00, 0xbf, 0xa0, 0xdf, 0x70, 0x00, 0x00, 0xdf, 0x80, 0xaf, 0xe5, 0x21, 0x28,
    0xff, 0x40, 0x3f, 0xff, 0xff, 0xff, 0xfa, 0x00, 0x04, 0xff, 0xff, 0xfd, 0x80, 0x00, 0x02, 0xff,
    0x30, 0x00, 0x00, 0x00, 0x02, 0xff, 0xff, 0xfe, 0xb5, 0x00, 0x02, 0xff, 0xff, 0xff, 0xff, 0x60,
    0x00, 0x11, 0x11, 0x13, 0xcf, 0xd0, 0x00, 0x00, 0x00, 0x00, 0x5f, 0xf1, 0x00, 0x00, 0x00, 0x00,
    0x5f, 0xf1, 0x11, 0x11, 0x11, 0x13, 0xcf, 0xd0, 0x6f, 0xff, 0xff, 0xff, 0xff, 0x60, 0x6f, 0xff,
    0xff, 0xfe, 0xb5, 0x00, 0x8f, 0xc0, 0x00, 0x00, 0x00, 0x08, 0xfc, 0x00, 0x00, 0x00, 0x00, 0x8f,
    0xc0, 0x00, 0x00, 0x00, 0x08, 0xfc, 0x00, 0x00, 0x00, 0x00, 0x8f, 0xc0, 0x00, 0x00, 0x00, 0x08,
    0xfc, 0x00, 0x00, 0x00, 0x00, 0x8f, 0xeb, 0xef, 0xfd, 0x91, 0x08, 0xff, 0xff, 0xff, 0xff, 0xd1,
    0x8f, 0xf7, 0x21, 0x26, 0xff, 0x68, 0xfd, 0x00, 0x00, 0x0c, 0xf9, 0x8f, 0xc0, 0x00, 0x00, 0xbf,
    0xa8, 0xfc, 0x00, 0x00, 0x0b, 0xfa, 0x8f, 0xc0, 0x00, 0x00, 0xbf, 0xa8, 0xfc, 0x00, 0x00, 0x0b,
    0xfa, 0x8f, 0xc0, 0x00, 0x00, 0xbf, 0xa8, 0xfc, 0x00, 0x00, 0x0b, 0xfa, 0x8f, 0xc0, 0x00, 0x00,
    0xbf, 0xa8, 0xfc, 0x00, 0x00, 0x0b, 0xfa, 0x8f, 0xc0, 0x00, 0x00, 0xbf, 0xa8, 0xfc, 0x00, 0x00,
    0x0b, 0xfa, 0x00, 0x00, 0xcf, 0xd0, 0x00, 0x00, 0x00, 0x0c, 0xfd, 0x00, 0x00, 0x00, 0x00, 0x11,
    0x10, 0x00, 0x00, 0x00, 0x00, 0x00, 0x00, 0x00, 0x00, 0x00, 0x00, 0x00, 0x00, 0x00, 0x00, 0x00,
    0x00, 0x00, 0x00, 0xcf, 0xff, 0xff, 0xb0, 0x00, 0x0c, 0xff, 0xff, 0xfb, 0x00, 0x00, 0x11, 0x11,
    0xaf, 0xb0, 0x00, 0x00, 0x00, 0x0a, 0xfb, 0x00, 0x00, 0x00, 0x00, 0xaf, 0xb0, 0x00, 0x00, 0x00,
    0x0a, 0xfb, 0x00, 0x00, 0x00, 0x00, 0xaf, 0xb0, 0x00, 0x00, 0x00, 0x0a, 0xfb, 0x00, 0x00, 0x00,
    0x00, 0xaf, 0xb0, 0x00, 0x00, 0x00, 0x0a, 0xfb, 0x00, 0x00, 0x00, 0x00, 0xaf, 0xb0, 0x00, 0x00,
    0x00, 0x0a, 0xfb, 0x11, 0x11, 0x00, 0x00, 0xaf, 0xff, 0xff, 0xd0, 0x00, 0x0a, 0xff, 0xff, 0xfd,
    0x00, 0x00, 0x06, 0xff, 0x40, 0x00, 0x00, 0x6f, 0xf4, 0x00, 0x00, 0x01, 0x11, 0x00, 0x00, 0x00,
    0x00, 0x00, 0x00, 0x00, 0x00, 0x00, 0x00, 0x00, 0x00, 0x00, 0x00, 0x05, 0xff, 0xff, 0xff, 0x20,
    0x5f, 0xff, 0xff, 0xf2, 0x00, 0x11, 0x15, 0xff, 0x20, 0x00, 0x00, 0x4f, 0xf2, 0x00, 0x00, 0x04,
    0xff, 0x20, 0x00, 0x00, 0x4f, 0xf2, 0x00, 0x00, 0x04, 0xff, 0x20, 0x00, 0x00, 0x4f, 0xf2, 0x00,
    0x00, 0x04, 0xff, 0x20, 0x00, 0x00, 0x4f, 0xf2, 0x00, 0x00, 0x04, 0xff, 0x20, 0x00, 0x00, 0x4f,
    0xf2, 0x00, 0x00, 0x04, 0xff, 0x20, 0x00, 0x00, 0x4f, 0xf2, 0x00, 0x00, 0x04, 0xff, 0x20, 0x00,
    0x00, 0x4f, 0xf2, 0x01, 0x11, 0x18, 0xff, 0x12, 0xff, 0xff, 0xff, 0xb0, 0x2f, 0xff, 0xfe, 0xa2,
    0x00, 0x5f, 0xf1, 0x00, 0x00, 0x00, 0x05, 0xff, 0x10, 0x00, 0x00, 0x00, 0x5f, 0xf1, 0x00, 0x00,
    0x00, 0x05, 0xff, 0x10, 0x00, 0x00, 0x00, 0x5f, 0xf1, 0x00, 0x00, 0x00, 0x05, 0xff, 0x10, 0x00,
    0x00, 0x00, 0x5f, 0xf1, 0x00, 0x1d, 0xfd, 0x25, 0xff, 0x10, 0x1c, 0xfe, 0x30, 0x5f, 0xf1, 0x0b,
    0xff, 0x40, 0x05, 0xff, 0x19, 0xff, 0x60, 0x00, 0x5f, 0xf9, 0xff, 0x70, 0x00, 0x05, 0xff, 0xff,
    0xc0, 0x00, 0x00, 0x5f, 0xff, 0xff, 0x30, 0x00, 0x05, 0xff, 0x9e, 0xfc, 0x00, 0x00, 0x5f, 0xf1,
    0x6f, 0xf7, 0x00, 0x05, 0xff, 0x10, 0xcf, 0xe2, 0x00, 0x5f, 0xf1, 0x03, 0xff, 0xa0, 0x05, 0xff,
    0x10, 0x09, 0xff, 0x50, 0x5f, 0xf1, 0x00, 0x1e, 0xfd, 0x15, 0xff, 0x10, 0x00, 0x6f, 0xf8, 0x1f,
    0xff, 0xff, 0xf7, 0x00, 0x00, 0x01, 0xff, 0xff, 0xff, 0x70, 0x00, 0x00, 0x01, 0x11, 0x1e, 0xf7,
    0x00, 0x00, 0x00, 0x00, 0x00, 0xef, 0x70, 0x00, 0x00, 0x00, 0x00, 0x0e, 0xf7, 0x00, 0x00, 0x00,
    0x00, 0x00, 0xef, 0x70, 0x00, 0x00, 0x00, 0x00, 0x0e, 0xf7, 0x00, 0x00, 0x00, 0x00, 0x00, 0xef,
    0x70, 0x00, 0x00, 0x00, 0x00, 0x0e, 0xf7, 0x00, 0x00, 0x00, 0x00, 0x00, 0xef, 0x70, 0x00, 0x00,
    0x00, 0x00, 0x0e, 0xf7, 0x00, 0x00, 0x00, 0x00, 0x00, 0xef, 0x70, 0x00, 0x00, 0x00, 0x00, 0x0e,
    0xf7, 0x00, 0x00, 0x00, 0x00, 0x00, 0xef, 0x70, 0x00, 0x00, 0x00, 0x00, 0x0e, 0xf7, 0x00, 0x00,
    0x00, 0x00, 0x00, 0xef, 0x70, 0x00, 0x00, 0x00, 0x00, 0x0e, 0xf7, 0x00, 0x00, 0x00, 0x00, 0x00,
    0xdf, 0xa2, 0x11, 0x10, 0x00, 0x00, 0x0a, 0xff, 0xff, 0xff, 0x20, 0x00, 0x00, 0x2b, 0xff, 0xff,
    0xf2, 0xcf, 0xad, 0xfc, 0x44, 0xdf, 0xd8, 0x0c, 0xff, 0xff, 0xff, 0xff, 0xff, 0xf7, 0xcf, 0xd3,
    0x3d, 0xff, 0x52, 0xaf, 0xcc, 0xf7, 0x00, 0x9f, 0xb0, 0x06, 0xfd, 0xcf, 0x70, 0x08, 0xfa, 0x00,
    0x5f, 0xec, 0xf7, 0x00, 0x8f, 0xa0, 0x05, 0xfe, 0xcf, 0x70, 0x08, 0xfa, 0x00, 0x5f, 0xec, 0xf7,
    0x00, 0x8f, 0xa0, 0x05, 0xfe, 0xcf, 0x70, 0x08, 0xfa, 0x00, 0x5f, 0xec, 0xf7, 0x00, 0x8f, 0xa0,
    0x05, 0xfe, 0xcf, 0x70, 0x08, 0xfa, 0x00, 0x5f, 0xec, 0xf7, 0x00, 0x8f, 0xa0, 0x05, 0xfe, 0xcf,
    0x70, 0x08, 0xfa, 0x00, 0x5f, 0xec, 0xf7, 0x00, 0x8f, 0xa0, 0x05, 0xfe, 0x8f, 0xcb, 0xef, 0xfd,
    0x91, 0x08, 0xff, 0xff, 0xff, 0xff, 0xd1, 0x8f, 0xf7, 0x21, 0x26, 0xff, 0x68, 0xfd, 0x00, 0x00,
    0x0c, 0xf9, 0x8f, 0xc0, 0x00, 0x00, 0xbf, 0xa8, 0xfc, 0x00, 0x00, 0x0b, 0xfa, 0x8f, 0xc0, 0x00,
    0x00, 0xbf, 0xa8, 0xfc, 0x00, 0x00, 0x0b, 0xfa, 0x8f, 0xc0, 0x00, 0x00, 0xbf, 0xa8, 0xfc, 0x00,
    0x00, 0x0b, 0xfa, 0x8f, 0xc0, 0x00, 0x00, 0xbf, 0xa8, 0xfc, 0x00, 0x00, 0x0b, 0xfa, 0x8f, 0xc0,
    0x00, 0x00, 0xbf, 0xa8, 0xfc, 0x00, 0x00, 0x0b, 0xfa, 0x01, 0x8d, 0xef, 0xfd, 0x91, 0x00, 0xcf,
    0xff, 0xff, 0xff, 0xd1, 0x6f, 0xf7, 0x21, 0x26, 0xff, 0x79, 0xfc, 0x00, 0x00, 0x0a, 0xfa, 0xaf,
    0xb0, 0x00, 0x00, 0x9f, 0xba, 0xfb, 0x00, 0x00, 0x09, 0xfc, 0xaf, 0xb0, 0x00, 0x00, 0x9f, 0xca,
    0xfb, 0x00, 0x00, 0x09, 0xfc, 0xaf, 0xb0, 0x00, 0x00, 0x9f, 0xca, 0xfb, 0x00, 0x00, 0x09, 0xfb,
    0x9f, 0xc0, 0x00, 0x00, 0xaf, 0xa6, 0xff, 0x72, 0x12, 0x6f, 0xf7, 0x0c, 0xff, 0xff, 0xff, 0xfd,
    0x10, 0x18, 0xdf, 0xff, 0xd9, 0x10, 0x8f, 0xcb, 0xef, 0xfd, 0x81, 0x08, 0xff, 0xff, 0xff, 0xff,
    0xd1, 0x8f, 0xf7, 0x21, 0x27, 0xff, 0x68, 0xfd, 0x00, 0x00, 0x0c, 0xf9, 0x8f, 0xc0, 0x00, 0x00,
    0xbf, 0xa8, 0xfc, 0x00, 0x00, 0x0b, 0xfa, 0x8f, 0xc0, 0x00, 0x00, 0xbf, 0xa8, 0xfc, 0x00, 0x00,
    0x0b, 0xfa, 0x8f, 0xc0, 0x00, 0x00, 0xbf, 0xa8, 0xfc, 0x00, 0x00, 0x0b, 0xfa, 0x8f, 0xc0, 0x00,
    0x00, 0xcf, 0x98, 0xfc, 0x11, 0x12, 0x7f, 0xf6, 0x8f, 0xff, 0xff, 0xff, 0xfc, 0x08, 0xff, 0xff,
    0xff, 0xd8, 0x10, 0x8f, 0xc0, 0x00, 0x00, 0x00, 0x08, 0xfc, 0x00, 0x00, 0x00, 0x00, 0x8f, 0xc0,
    0x00, 0x00, 0x00, 0x08, 0xfc, 0x00, 0x00, 0x00, 0x00, 0x8f, 0xc0, 0x00, 0x00, 0x00, 0x00, 0x01,
    0x8d, 0xef, 0xff, 0xff, 0xb0, 0xcf, 0xff, 0xff, 0xff, 0xfb, 0x5f, 0xf7, 0x21, 0x11, 0xaf, 0xb8,
    0xfc, 0x00, 0x00, 0x0a, 0xfb, 0xaf, 0xb0, 0x00, 0x00, 0xaf, 0xba, 0xfb, 0x00, 0x00, 0x0a, 0xfb,
    0xaf, 0xb0, 0x00, 0x00, 0xaf, 0xba, 0xfb, 0x00, 0x00, 0x0a, 0xfb, 0xaf, 0xb0, 0x00, 0x00, 0xaf,
    0xba, 0xfb, 0x00, 0x00, 0x0a, 0xfb, 0x9f, 0xc0, 0x00, 0x00, 0xaf, 0xb5, 0xff, 0x72, 0x12, 0x5f,
    0xfb, 0x0c, 0xff, 0xff, 0xff, 0xff, 0xb0, 0x18, 0xdf, 0xff, 0xcc, 0xfb, 0x00, 0x00, 0x00, 0x00,
    0xaf, 0xb0, 0x00, 0x00, 0x00, 0x0a, 0xfb, 0x00, 0x00, 0x00, 0x00, 0xaf, 0xb0, 0x00, 0x00, 0x00,
    0x0a, 0xfb, 0x00, 0x00, 0x00, 0x00, 0xaf, 0xb0, 0x3f, 0xff, 0xf8, 0xdf, 0xff, 0x33, 0xff, 0xff,
    0xff, 0xff, 0xf3, 0x01, 0x4f, 0xfd, 0x31, 0x11, 0x00, 0x02, 0xff, 0x50, 0x00, 0x00, 0x00, 0x2f,
    0xf3, 0x00, 0x00, 0x00, 0x02, 0xff, 0x30, 0x00, 0x00, 0x00, 0x2f, 0xf3, 0x00, 0x00, 0x00, 0x02,
    0xff, 0x30, 0x00, 0x00, 0x00, 0x2f, 0xf3, 0x00, 0x00, 0x00, 0x02, 0xff, 0x30, 0x00, 0x00, 0x00,
    0x2f, 0xf3, 0x00, 0x00, 0x00, 0x14, 0xff, 0x41, 0x10, 0x00, 0x3f, 0xff, 0xff, 0xff, 0x40, 0x03,
    0xff, 0xff, 0xff, 0xf4, 0x00, 0x03, 0xad, 0xff, 0xff, 0x43, 0xff, 0xff, 0xff, 0xf4, 0x9f, 0xe4,
    0x11, 0x11, 0x0a, 0xfb, 0x00, 0x00, 0x00, 0xaf, 0xb0, 0x00, 0x00, 0x08, 0xfe, 0x31, 0x00, 0x00,
    0x3f, 0xff, 0xff, 0xd6, 0x00, 0x4b, 0xef, 0xff, 0xf5, 0x00, 0x00, 0x01, 0xcf, 0xa0, 0x00, 0x00,
    0x09, 0xfc, 0x00, 0x00, 0x00, 0x9f, 0xc1, 0x11, 0x11, 0x3d, 0xfb, 0x8f, 0xff, 0xff, 0xff, 0x48,
    0xff, 0xff, 0xeb, 0x40, 0x00, 0x38, 0x80, 0x00, 0x00, 0x00, 0x5f, 0xf0, 0x00, 0x00, 0x00, 0x5f,
    0xf0, 0x00, 0x00, 0x00, 0x5f, 0xf0, 0x00, 0x00, 0xff, 0xff, 0xff, 0xff, 0xf2, 0xff, 0xff, 0xff,
    0xff, 0xf2, 0x11, 0x6f, 0xf2, 0x11, 0x10, 0x00, 0x5f, 0xf0, 0x00, 0x00, 0x00, 0x5f, 0xf0, 0x00,
    0x00, 0x00, 0x5f, 0xf0, 0x00, 0x00, 0x00, 0x5f, 0xf0, 0x00, 0x00, 0x00, 0x5f, 0xf0, 0x00, 0x00,
    0x00, 0x5f, 0xf0, 0x00, 0x00, 0x00, 0x5f, 0xf0, 0x00, 0x00, 0x00, 0x5f, 0xf0, 0x00, 0x00, 0x00,
    0x3f, 0xf5, 0x11, 0x10, 0x00, 0x0d, 0xff, 0xff, 0xf2, 0x00, 0x03, 0xcf, 0xff, 0xf2, 0x6f, 0xf0,
    0x00, 0x00, 0xdf, 0x86, 0xff, 0x00, 0x00, 0x0d, 0xf8, 0x6f, 0xf0, 0x00, 0x00, 0xdf, 0x86, 0xff,
    0x00, 0x00, 0x0d, 0xf8, 0x6f, 0xf0, 0x00, 0x00, 0xdf, 0x86, 0xff, 0x00, 0x00, 0x0d, 0xf8, 0x6f,
    0xf0, 0x00, 0x00, 0xdf, 0x86, 0xff, 0x00, 0x00, 0x0d, 0xf8, 0x6f, 0xf0, 0x00, 0x00, 0xdf, 0x86,
    0xff, 0x00, 0x00, 0x0d, 0xf8, 0x5f, 0xf1, 0x00, 0x00, 0xef, 0x82, 0xff, 0x92, 0x12, 0x8f, 0xf8,
    0x09, 0xff, 0xff, 0xff, 0xff, 0x80, 0x07, 0xce, 0xfe, 0xbd, 0xf8, 0x1f, 0xf8, 0x00, 0x00, 0x04,
    0xff, 0x30, 0xcf, 0xc0, 0x00, 0x00, 0x8f, 0xd0, 0x07, 0xff, 0x10, 0x00, 0x0c, 0xf9, 0x00, 0x3f,
    0xf5, 0x00, 0x01, 0xff, 0x50, 0x00, 0xdf, 0x90, 0x00, 0x5f, 0xf1, 0x00, 0x09, 0xfd, 0x00, 0x09,
    0xfb, 0x00, 0x00, 0x5f, 0xf2, 0x00, 0xdf, 0x70, 0x00, 0x01, 0xff, 0x60, 0x2f, 0xf2, 0x00, 0x00,
    0x0b, 0xfa, 0x06, 0xfd, 0x00, 0x00, 0x00, 0x7f, 0xe0, 0xaf, 0x90, 0x00, 0x00, 0x02, 0xff, 0x3e,
    0xf5, 0x00, 0x00, 0x00, 0x0d, 0xfa, 0xff, 0x10, 0x00, 0x00, 0x00, 0x9f, 0xff, 0xb0, 0x00, 0x00,
    0x00, 0x04, 0xff, 0xf7, 0x00, 0x00, 0xef, 0x60, 0x00, 0x00, 0x00, 0x3f, 0xf1, 0xbf, 0x90, 0x00,
    0x00, 0x00, 0x5f, 0xd0, 0x9f, 0xb0, 0x02, 0x75, 0x00, 0x7f, 0xa0, 0x6f, 0xd0, 0x06, 0xfc, 0x00,
    0x9f, 0x80, 0x3f, 0xf0, 0x09, 0xff, 0x00, 0xbf, 0x50, 0x1f, 0xf2, 0x0d, 0xff, 0x30, 0xdf, 0x20,
    0x0d, 0xf4, 0x1f, 0xff, 0x61, 0xff, 0x00, 0x0a, 0xf7, 0x4f, 0xcf, 0x93, 0xfc, 0x00, 0x07, 0xf9,
    0x7f, 0x6f, 0xc5, 0xf9, 0x00, 0x05, 0xfb, 0xbf, 0x1e, 0xf7, 0xf7, 0x00, 0x02, 0xfd, 0xed, 0x0b,
    0xfc, 0xf4, 0x00, 0x00, 0xef, 0xfa, 0x08, 0xff, 0xf1, 0x00, 0x00, 0xcf, 0xf6, 0x05, 0xff, 0xe0,
    0x00, 0x00, 0x9f, 0xf3, 0x02, 0xff, 0xb0, 0x00, 0x08, 0xff, 0x30, 0x00, 0x1e, 0xf9, 0x00, 0x1e,
    0xfc, 0x00, 0x09, 0xfe, 0x10, 0x00, 0x5f, 0xf5, 0x02, 0xff, 0x60, 0x00, 0x00, 0xbf, 0xd0, 0xbf,
    0xb0, 0x00, 0x00, 0x03, 0xff, 0xbf, 0xf2, 0x00, 0x00, 0x00, 0x09, 0xff, 0xf8, 0x00, 0x00, 0x00,
    0x00, 0x1e, 0xfe, 0x10, 0x00, 0x00, 0x00, 0x04, 0xff, 0xf5, 0x00, 0x00, 0x00, 0x00, 0xdf, 0xef,
    0xd1, 0x00, 0x00, 0x00, 0x7f, 0xe3, 0xef, 0x80, 0x00, 0x00, 0x2e, 0xf7, 0x07, 0xff, 0x20, 0x00,
    0x0a, 0xfd, 0x00, 0x0d, 0xfb, 0x00, 0x04, 0xff, 0x50, 0x00, 0x5f, 0xf5, 0x00, 0xdf, 0xb0, 0x00,
    0x00, 0xcf, 0xe1, 0x1f, 0xf7, 0x00, 0x00, 0x04, 0xff, 0x30, 0xbf, 0xc0, 0x00, 0x00, 0x8f, 0xe0,
    0x06, 0xff, 0x10, 0x00, 0x0b, 0xfa, 0x00, 0x1f, 0xf6, 0x00, 0x01, 0xff, 0x50, 0x00, 0xbf, 0xa0,
    0x00, 0x4f, 0xf1, 0x00, 0x06, 0xfe, 0x00, 0x08, 0xfc, 0x00, 0x00, 0x1f, 0xf4, 0x00, 0xcf, 0x80,
    0x00, 0x00, 0xbf, 0x90, 0x1f, 0xf4, 0x00, 0x00, 0x06, 0xfd, 0x05, 0xfe, 0x00, 0x00, 0x00, 0x2f,
    0xf3, 0x9f, 0xa0, 0x00, 0x00, 0x00, 0xcf, 0x7d, 0xf6, 0x00, 0x00, 0x00, 0x07, 0xfd, 0xff, 0x20,
    0x00, 0x00, 0x00, 0x2f, 0xff, 0xd0, 0x00, 0x00, 0x00, 0x00, 0xcf, 0xf9, 0x00, 0x00, 0x00, 0x00,
    0x03, 0xff, 0x50, 0x00, 0x00, 0x00, 0x00, 0x6f, 0xf1, 0x00, 0x00, 0x00, 0x02, 0x3c, 0xfb, 0x00,
    0x00, 0x00, 0x02, 0xff, 0xff, 0x40, 0x00, 0x00, 0x00, 0x2f, 0xfd, 0x60, 0x00, 0x00, 0x00, 0x07,
    0xff, 0xff, 0xff, 0xff, 0x20, 0x7f, 0xff, 0xff, 0xff, 0xf2, 0x01, 0x11, 0x11, 0x1c, 0xff, 0x20,
    0x00, 0x00, 0x07, 0xff, 0x80, 0x00, 0x00, 0x02, 0xef, 0xc0, 0x00, 0x00, 0x00, 0xcf, 0xf3, 0x00,
    0x00, 0x00, 0x7f, 0xf7, 0x00, 0x00, 0x00, 0x3f, 0xfb, 0x00, 0x00, 0x00, 0x0c, 0xfe, 0x20, 0x00,
    0x00, 0x08, 0xff, 0x50, 0x00, 0x00, 0x03, 0xff, 0xa0, 0x00, 0x00, 0x00, 0xcf, 0xe2, 0x11, 0x11,
    0x10, 0x0f, 0xff, 0xff, 0xff, 0xfd, 0x00, 0xff, 0xff, 0xff, 0xff, 0xd0, 0x00, 0x00, 0x01, 0x10,
    0x02, 0xbf, 0xff, 0x00, 0xaf, 0xff, 0xf0, 0x0d, 0xf7, 0x00, 0x00, 0xdf, 0x40, 0x00, 0x0d, 0xf4,
    0x00, 0x00, 0xdf, 0x40, 0x00, 0x0d, 0xf4, 0x00, 0x00, 0xdf, 0x40, 0x00, 0x0d, 0xf4, 0x00, 0x00,
    0xef, 0x40, 0x00, 0x5f, 0xf1, 0x00, 0xdf, 0xf8, 0x00, 0x0d, 0xf9, 0x00, 0x00, 0xdf, 0xf7, 0x00,
    0x01, 0x5f, 0xe1, 0x00, 0x00, 0xef, 0x30, 0x00, 0x0d, 0xf4, 0x00, 0x00, 0xdf, 0x40, 0x00, 0x0d,
    0xf4, 0x00, 0x00, 0xdf, 0x40, 0x00, 0x0d, 0xf4, 0x00, 0x00, 0xdf, 0x40, 0x00, 0x0d, 0xf4, 0x00,
    0x00, 0xcf, 0x82, 0x10, 0x09, 0xff, 0xff, 0x00, 0x1a, 0xef, 0xf0, 0x8f, 0xa8, 0xfa, 0x8f, 0xa8,
    0xfa, 0x8f, 0xa8, 0xfa, 0x8f, 0xa8, 0xfa, 0x8f, 0xa8, 0xfa, 0x8f, 0xa8, 0xfa, 0x8f, 0xa8, 0xfa,
    0x8f, 0xa8, 0xfa, 0x8f, 0xa8, 0xfa, 0x8f, 0xa8, 0xfa, 0x8f, 0xa8, 0xfa, 0x8f, 0xa8, 0xfa, 0x8f,
    0xa8, 0xfa, 0x11, 0x00, 0x00, 0x0d, 0xff, 0xc3, 0x00, 0xdf, 0xff, 0xb0, 0x00, 0x06, 0xfe, 0x00,
    0x00, 0x3f, 0xf0, 0x00, 0x03, 0xff, 0x00, 0x00, 0x3f, 0xf0, 0x00, 0x03, 0xff, 0x00, 0x00, 0x3f,
    0xf0, 0x00, 0x03, 0xff, 0x00, 0x00, 0x3f, 0xf0, 0x00, 0x01, 0xff, 0x61, 0x00, 0x07, 0xff, 0xf0,
    0x00, 0x07, 0xff, 0x00, 0x06, 0xff, 0xf0, 0x00, 0xef, 0x71, 0x00, 0x2f, 0xf0, 0x00, 0x03, 0xff,
    0x00, 0x00, 0x3f, 0xf0, 0x00, 0x03, 0xff, 0x00, 0x00, 0x3f, 0xf0, 0x00, 0x03, 0xff, 0x00, 0x00,
    0x3f, 0xf0, 0x00, 0x03, 0xff, 0x00, 0x12, 0x7f, 0xe0, 0x0d, 0xff, 0xfa, 0x00, 0xdf, 0xea, 0x10,
    0x00, 0x00, 0x01, 0x00, 0x00, 0x00, 0x01, 0x7d, 0xfe, 0xa6, 0x24, 0xa4, 0x3f, 0xff, 0xff, 0xff,
    0xff, 0x53, 0xa4, 0x02, 0x7b, 0xfd, 0x71,
};
static const lv_font_fmt_txt_glyph_dsc_t pet_menu_font_28_glyphs[] = {
    {.bitmap_index = 0, .adv_w = 0, .box_w = 0, .box_h = 0, .ofs_x = 0, .ofs_y = 0},
    {.bitmap_index = 0, .adv_w = 240, .box_w = 0, .box_h = 0, .ofs_x = 0, .ofs_y = 0}, /* ' ' */
    {.bitmap_index = 0, .adv_w = 240, .box_w = 3, .box_h = 20, .ofs_x = 6, .ofs_y = 0}, /* '!' */
    {.bitmap_index = 30, .adv_w = 240, .box_w = 8, .box_h = 7, .ofs_x = 4, .ofs_y = 13}, /* '"' */
    {.bitmap_index = 58, .adv_w = 240, .box_w = 11, .box_h = 20, .ofs_x = 2, .ofs_y = 0}, /* '#' */
    {.bitmap_index = 168, .adv_w = 240, .box_w = 11, .box_h = 25, .ofs_x = 2, .ofs_y = -3}, /* '$' */
    {.bitmap_index = 306, .adv_w = 240, .box_w = 15, .box_h = 20, .ofs_x = 0, .ofs_y = 0}, /* '%' */
    {.bitmap_index = 456, .adv_w = 240, .box_w = 12, .box_h = 20, .ofs_x = 2, .ofs_y = 0}, /* '&' */
    {.bitmap_index = 576, .adv_w = 240, .box_w = 3, .box_h = 7, .ofs_x = 6, .ofs_y = 13}, /* "'" */
    {.bitmap_index = 587, .adv_w = 240, .box_w = 7, .box_h = 27, .ofs_x = 4, .ofs_y = -3}, /* '(' */
    {.bitmap_index = 682, .adv_w = 240, .box_w = 7, .box_h = 27, .ofs_x = 4, .ofs_y = -3}, /* ')' */
    {.bitmap_index = 777, .adv_w = 240, .box_w = 12, .box_h = 11, .ofs_x = 2, .ofs_y = 9}, /* '*' */
    {.bitmap_index = 843, .adv_w = 240, .box_w = 11, .box_h = 11, .ofs_x = 2, .ofs_y = 3}, /* '+' */
    {.bitmap_index = 904, .adv_w = 240, .box_w = 5, .box_h = 7, .ofs_x = 5, .ofs_y = -4}, /* ',' */
    {.bitmap_index = 922, .adv_w = 240, .box_w = 10, .box_h = 3, .ofs_x = 3, .ofs_y = 8}, /* '-' */
    {.bitmap_index = 937, .adv_w = 240, .box_w = 3, .box_h = 3, .ofs_x = 6, .ofs_y = 0}, /* '.' */
    {.bitmap_index = 942, .adv_w = 240, .box_w = 13, .box_h = 26, .ofs_x = 1, .ofs_y = -3}, /* '/' */
    {.bitmap_index = 1111, .adv_w = 240, .box_w = 11, .box_h = 20, .ofs_x = 2, .ofs_y = 0}, /* '0' */
    {.bitmap_index = 1221, .adv_w = 240, .box_w = 11, .box_h = 20, .ofs_x = 2, .ofs_y = 0}, /* '1' */
    {.bitmap_index = 1331, .adv_w = 240, .box_w = 11, .box_h = 20, .ofs_x = 2, .ofs_y = 0}, /* '2' */
    {.bitmap_index = 1441, .adv_w = 240, .box_w = 9, .box_h = 20, .ofs_x = 3, .ofs_y = 0}, /* '3' */
    {.bitmap_index = 1531, .adv_w = 240, .box_w = 11, .box_h = 20, .ofs_x = 2, .ofs_y = 0}, /* '4' */
    {.bitmap_index = 1641, .adv_w = 240, .box_w = 9, .box_h = 20, .ofs_x = 3, .ofs_y = 0}, /* '5' */
    {.bitmap_index = 1731, .adv_w = 240, .box_w = 11, .box_h = 20, .ofs_x = 2, .ofs_y = 0}, /* '6' */
    {.bitmap_index = 1841, .adv_w = 240, .box_w = 11, .box_h = 20, .ofs_x = 2, .ofs_y = 0}, /* '7' */
    {.bitmap_index = 1951, .adv_w = 240, .box_w = 11, .box_h = 20, .ofs_x = 2, .ofs_y = 0}, /* '8' */
    {.bitmap_index = 2061, .adv_w = 240, .box_w = 11, .box_h = 20, .ofs_x = 2, .ofs_y = 0}, /* '9' */
    {.bitmap_index = 2171, .adv_w = 240, .box_w = 3, .box_h = 14, .ofs_x = 6, .ofs_y = 0}, /* ':' */
    {.bitmap_index = 2192, .adv_w = 240, .box_w = 5, .box_h = 18, .ofs_x = 5, .ofs_y = -4}, /* ';' */
    {.bitmap_index = 2237, .adv_w = 240, .box_w = 11, .box_h = 14, .ofs_x = 2, .ofs_y = 2}, /* '<' */
    {.bitmap_index = 2314, .adv_w = 240, .box_w = 11, .box_h = 8, .ofs_x = 2, .ofs_y = 5}, /* '=' */
    {.bitmap_index = 2358, .adv_w = 240, .box_w = 11, .box_h = 14, .ofs_x = 2, .ofs_y = 2}, /* '>' */
    {.bitmap_index = 2435, .adv_w = 240, .box_w = 9, .box_h = 20, .ofs_x = 3, .ofs_y = 0}, /* '?' */
    {.bitmap_index = 2525, .adv_w = 240, .box_w = 15, .box_h = 20, .ofs_x = 0, .ofs_y = 0}, /* '@' */
    {.bitmap_index = 2675, .adv_w = 240, .box_w = 13, .box_h = 20, .ofs_x = 1, .ofs_y = 0}, /* 'A' */
    {.bitmap_index = 2805, .adv_w = 240, .box_w = 11, .box_h = 20, .ofs_x = 2, .ofs_y = 0}, /* 'B' */
    {.bitmap_index = 2915, .adv_w = 240, .box_w = 10, .box_h = 20, .ofs_x = 3, .ofs_y = 0}, /* 'C' */
    {.bitmap_index = 3015, .adv_w = 240, .box_w = 11, .box_h = 20, .ofs_x = 2, .ofs_y = 0}, /* 'D' */
    {.bitmap_index = 3125, .adv_w = 240, .box_w = 11, .box_h = 20, .ofs_x = 2, .ofs_y = 0}, /* 'E' */
    {.bitmap_index = 3235, .adv_w = 240, .box_w = 11, .box_h = 20, .ofs_x = 2, .ofs_y = 0}, /* 'F' */
    {.bitmap_index = 3345, .adv_w = 240, .box_w = 11, .box_h = 20, .ofs_x = 2, .ofs_y = 0}, /* 'G' */
    {.bitmap_index = 3455, .adv_w = 240, .box_w = 11, .box_h = 20, .ofs_x = 2, .ofs_y = 0}, /* 'H' */
    {.bitmap_index = 3565, .adv_w = 240, .box_w = 9, .box_h = 20, .ofs_x = 3, .ofs_y = 0}, /* 'I' */
    {.bitmap_index = 3655, .adv_w = 240, .box_w = 9, .box_h = 20, .ofs_x = 3, .ofs_y = 0}, /* 'J' */
    {.bitmap_index = 3745, .adv_w = 240, .box_w = 11, .box_h = 20, .ofs_x = 2, .ofs_y = 0}, /* 'K' */
    {.bitmap_index = 3855, .adv_w = 240, .box_w = 9, .box_h = 20, .ofs_x = 3, .ofs_y = 0}, /* 'L' */
    {.bitmap_index = 3945, .adv_w = 240, .box_w = 13, .box_h = 20, .ofs_x = 1, .ofs_y = 0}, /* 'M' */
    {.bitmap_index = 4075, .adv_w = 240, .box_w = 11, .box_h = 20, .ofs_x = 2, .ofs_y = 0}, /* 'N' */
    {.bitmap_index = 4185, .adv_w = 240, .box_w = 13, .box_h = 20, .ofs_x = 1, .ofs_y = 0}, /* 'O' */
    {.bitmap_index = 4315, .adv_w = 240, .box_w = 11, .box_h = 20, .ofs_x = 2, .ofs_y = 0}, /* 'P' */
    {.bitmap_index = 4425, .adv_w = 240, .box_w = 14, .box_h = 22, .ofs_x = 1, .ofs_y = -2}, /* 'Q' */
    {.bitmap_index = 4579, .adv_w = 240, .box_w = 13, .box_h = 20, .ofs_x = 1, .ofs_y = 0}, /* 'R' */
    {.bitmap_index = 4709, .adv_w = 240, .box_w = 11, .box_h = 20, .ofs_x = 2, .ofs_y = 0}, /* 'S' */
    {.bitmap_index = 4819, .adv_w = 240, .box_w = 13, .box_h = 20, .ofs_x = 1, .ofs_y = 0}, /* 'T' */
    {.bitmap_index = 4949, .adv_w = 240, .box_w = 11, .box_h = 20, .ofs_x = 2, .ofs_y = 0}, /* 'U' */
    {.bitmap_index = 5059, .adv_w = 240, .box_w = 13, .box_h = 20, .ofs_x = 1, .ofs_y = 0}, /* 'V' */
    {.bitmap_index = 5189, .adv_w = 240, .box_w = 13, .box_h = 20, .ofs_x = 1, .ofs_y = 0}, /* 'W' */
    {.bitmap_index = 5319, .adv_w = 240, .box_w = 13, .box_h = 20, .ofs_x = 1, .ofs_y = 0}, /* 'X' */
    {.bitmap_index = 5449, .adv_w = 240, .box_w = 13, .box_h = 20, .ofs_x = 1, .ofs_y = 0}, /* 'Y' */
    {.bitmap_index = 5579, .adv_w = 240, .box_w = 11, .box_h = 20, .ofs_x = 2, .ofs_y = 0}, /* 'Z' */
    {.bitmap_index = 5689, .adv_w = 240, .box_w = 7, .box_h = 27, .ofs_x = 4, .ofs_y = -3}, /* '[' */
    {.bitmap_index = 5784, .adv_w = 240, .box_w = 13, .box_h = 26, .ofs_x = 1, .ofs_y = -3}, /* '\\' */
    {.bitmap_index = 5953, .adv_w = 240, .box_w = 7, .box_h = 27, .ofs_x = 4, .ofs_y = -3}, /* ']' */
    {.bitmap_index = 6048, .adv_w = 240, .box_w = 12, .box_h = 10, .ofs_x = 2, .ofs_y = 12}, /* '^' */
    {.bitmap_index = 6108, .adv_w = 240, .box_w = 15, .box_h = 3, .ofs_x = 0, .ofs_y = -5}, /* '_' */
    {.bitmap_index = 6131, .adv_w = 240, .box_w = 7, .box_h = 4, .ofs_x = 4, .ofs_y = 16}, /* '`' */
    {.bitmap_index = 6145, .adv_w = 240, .box_w = 13, .box_h = 14, .ofs_x = 1, .ofs_y = 0}, /* 'a' */
    {.bitmap_index = 6236, .adv_w = 240, .box_w = 11, .box_h = 20, .ofs_x = 2, .ofs_y = 0}, /* 'b' */
    {.bitmap_index = 6346, .adv_w = 240, .box_w = 9, .box_h = 14, .ofs_x = 3, .ofs_y = 0}, /* 'c' */
    {.bitmap_index = 6409, .adv_w = 240, .box_w = 11, .box_h = 20, .ofs_x = 2, .ofs_y = 0}, /* 'd' */
    {.bitmap_index = 6519, .adv_w = 240, .box_w = 11, .box_h = 14, .ofs_x = 2, .ofs_y = 0}, /* 'e' */
    {.bitmap_index = 6596, .adv_w = 240, .box_w = 11, .box_h = 20, .ofs_x = 2, .ofs_y = 0}, /* 'f' */
    {.bitmap_index = 6706, .adv_w = 240, .box_w = 12, .box_h = 19, .ofs_x = 2, .ofs_y = -5}, /* 'g' */
    {.bitmap_index = 6820, .adv_w = 240, .box_w = 11, .box_h = 20, .ofs_x = 2, .ofs_y = 0}, /* 'h' */
    {.bitmap_index = 6930, .adv_w = 240, .box_w = 11, .box_h = 20, .ofs_x = 2, .ofs_y = 0}, /* 'i' */
    {.bitmap_index = 7040, .adv_w = 240, .box_w = 9, .box_h = 25, .ofs_x = 3, .ofs_y = -5}, /* 'j' */
    {.bitmap_index = 7153, .adv_w = 240, .box_w = 11, .box_h = 20, .ofs_x = 2, .ofs_y = 0}, /* 'k' */
    {.bitmap_index = 7263, .adv_w = 240, .box_w = 13, .box_h = 20, .ofs_x = 1, .ofs_y = 0}, /* 'l' */
    {.bitmap_index = 7393, .adv_w = 240, .box_w = 13, .box_h = 14, .ofs_x = 1, .ofs_y = 0}, /* 'm' */
    {.bitmap_index = 7484, .adv_w = 240, .box_w = 11, .box_h = 14, .ofs_x = 2, .ofs_y = 0}, /* 'n' */
    {.bitmap_index = 7561, .adv_w = 240, .box_w = 11, .box_h = 14, .ofs_x = 2, .ofs_y = 0}, /* 'o' */
    {.bitmap_index = 7638, .adv_w = 240, .box_w = 11, .box_h = 19, .ofs_x = 2, .ofs_y = -5}, /* 'p' */
    {.bitmap_index = 7743, .adv_w = 240, .box_w = 11, .box_h = 19, .ofs_x = 2, .ofs_y = -5}, /* 'q' */
    {.bitmap_index = 7848, .adv_w = 240, .box_w = 11, .box_h = 14, .ofs_x = 2, .ofs_y = 0}, /* 'r' */
    {.bitmap_index = 7925, .adv_w = 240, .box_w = 9, .box_h = 14, .ofs_x = 3, .ofs_y = 0}, /* 's' */
    {.bitmap_index = 7988, .adv_w = 240, .box_w = 10, .box_h = 18, .ofs_x = 3, .ofs_y = 0}, /* 't' */
    {.bitmap_index = 8078, .adv_w = 240, .box_w = 11, .box_h = 14, .ofs_x = 2, .ofs_y = 0}, /* 'u' */
    {.bitmap_index = 8155, .adv_w = 240, .box_w = 13, .box_h = 14, .ofs_x = 1, .ofs_y = 0}, /* 'v' */
    {.bitmap_index = 8246, .adv_w = 240, .box_w = 14, .box_h = 14, .ofs_x = 1, .ofs_y = 0}, /* 'w' */
    {.bitmap_index = 8344, .adv_w = 240, .box_w = 13, .box_h = 14, .ofs_x = 1, .ofs_y = 0}, /* 'x' */
    {.bitmap_index = 8435, .adv_w = 240, .box_w = 13, .box_h = 19, .ofs_x = 1, .ofs_y = -5}, /* 'y' */
    {.bitmap_index = 8559, .adv_w = 240, .box_w = 11, .box_h = 14, .ofs_x = 2, .ofs_y = 0}, /* 'z' */
    {.bitmap_index = 8636, .adv_w = 240, .box_w = 7, .box_h = 27, .ofs_x = 4, .ofs_y = -3}, /* '{' */
    {.bitmap_index = 8731, .adv_w = 240, .box_w = 3, .box_h = 26, .ofs_x = 6, .ofs_y = -3}, /* '|' */
    {.bitmap_index = 8770, .adv_w = 240, .box_w = 7, .box_h = 27, .ofs_x = 4, .ofs_y = -3}, /* '}' */
    {.bitmap_index = 8865, .adv_w = 240, .box_w = 11, .box_h = 4, .ofs_x = 2, .ofs_y = 7}, /* '~' */
};
static const lv_font_fmt_txt_cmap_t pet_menu_font_28_cmaps[] = {
    {.range_start = 32, .range_length = 95, .glyph_id_start = 1,
     .unicode_list = NULL, .glyph_id_ofs_list = NULL, .list_length = 0,
     .type = LV_FONT_FMT_TXT_CMAP_FORMAT0_TINY},
};
static const lv_font_fmt_txt_dsc_t pet_menu_font_28_dsc = {
    .glyph_bitmap = pet_menu_font_28_bitmap, .glyph_dsc = pet_menu_font_28_glyphs, .cmaps = pet_menu_font_28_cmaps,
    .kern_dsc = NULL, .kern_scale = 0, .cmap_num = 1, .bpp = 4, .kern_classes = 0, .bitmap_format = 0,
};
const lv_font_t pet_menu_font_28 = {
    .get_glyph_dsc = lv_font_get_glyph_dsc_fmt_txt,
    .get_glyph_bitmap = lv_font_get_bitmap_fmt_txt,
    .line_height = 32,
    .base_line = 7,
    .subpx = LV_FONT_SUBPX_NONE,
    .underline_position = -2,
    .underline_thickness = 1,
    .dsc = &pet_menu_font_28_dsc,
};
